STOP_ID,STOP,LAT,LON
9,THREE CHOPT/DRIVE TO D FREEMAN HIGH SCHOOL,37.602592,-77.558135
10,THREE CHOPT/CAMDEN,37.601768,-77.554793
11,THREE CHOPT/BEVERLY,37.600867,-77.55126
12,SANTA ROSA/THREE CHOPT,37.600843,-77.548153
13,SANTA ROSA/FRANKLIN FARMS,37.602115,-77.548128
14,ROLLING HILLS/DISCOVERY,37.602838,-77.546095
15,FOREST/HENRICO DOCTORS HOSPITAL,37.605132,-77.539888
16,SKIPWITH/SCHOOL BUILDING,37.603553,-77.537822
17,SKIPWITH/PARKLINE,37.599107,-77.537681
18,THREE CHOPT/SKIPWITH,37.59712,-77.537297
19,THREE CHOPT/PARK,37.593047,-77.531742
20,PATTERSON/THREE CHOPT,37.590503,-77.530938
21,PATTERSON/RIPLEY,37.589392,-77.529287
22,PATTERSON/HONAKER,37.587675,-77.526758
23,PATTERSON/CHANTECLER,37.585945,-77.524229
25,PATTERSON/PEPPER,37.584043,-77.52137
26,PATTERSON/ALGOMA,37.581922,-77.518208
27,PATTERSON/MAPLE,37.580834,-77.51667
28,PATTERSON/LIBBIE,37.580074,-77.515527
29,PATTERSON/GRANITE,37.578523,-77.513217
31,PATTERSON/MATOAKA,37.576462,-77.509783
32,PATTERSON/WILLOW LAWN,37.575937,-77.508767
33,PATTERSON/GREENWAY LANE,37.575015,-77.506947
34,PATTERSON/HARLAN CIRCLE,37.574033,-77.505047
35,PATTERSON/LEXINGTON,37.573275,-77.503568
37,PATTERSON/BUNTING,37.571545,-77.500215
38,PATTERSON/WESTMORELAND,37.569635,-77.496463
40,PATTERSON/SAUER,37.567485,-77.49246
41,PATTERSON/MALVERN,37.56605,-77.489518
43,PATTERSON/HAMILTON,37.564198,-77.485973
44,PATTERSON/THOMPSON,37.56288,-77.483303
45,PATTERSON/ROSENEATH,37.561742,-77.481182
47,PATTERSON/CLEVELAND,37.560897,-77.477502
48,PATTERSON/BELMONT,37.560658,-77.475395
49,SHEPPARD/PARK,37.560725,-77.474045
50,SHEPPARD/MONUMENT,37.561488,-77.473322
51,SHEPPARD/GRACE,37.562708,-77.472137
52,BROAD/SHEPPARD,37.56307,-77.471335
53,BROAD/BOULEVARD,37.562053,-77.46957
54,BROAD/ROBINSON,37.560515,-77.467057
55,BREMO/MONUMENT,37.584563,-77.512946
56,MONUMENT/LIBBIE,37.583768,-77.510498
77,BROAD/ALLISON,37.557808,-77.462608
81,BROAD/RYLAND,37.552667,-77.453978
84,BROAD/LAUREL,37.549331,-77.44841
85,BROAD/HENRY,37.548248,-77.446443
91,BROAD/4TH,37.543527,-77.438515
95,BROAD/10TH,37.540049,-77.43282
100,BROAD/18TH,37.535568,-77.425369
101,BROAD/19TH,37.53498,-77.4244
103,MARSHALL/22ND,37.534144,-77.420799
104,MARSHALL/24TH,37.53285,-77.418597
106,MARSHALL/27TH,37.53144,-77.41634
107,MARSHALL/29TH,37.530307,-77.414488
108,MARSHALL/31ST,37.529198,-77.412692
109,MARSHALL/33RD,37.528102,-77.410903
111,CHIMBORAZO BOULEVARD/LEIGH,37.529057,-77.408281
113,CHIMBORAZO BOULEVARD/N,37.530863,-77.406532
114,CHIMBORAZO BOULEVARD/O,37.53202,-77.405403
116,P/35TH,37.531952,-77.403623
117,R/36TH,37.53233,-77.401398
119,21ST/MARSHALL,37.534149,-77.422238
120,BROAD/19TH,37.534962,-77.424151
122,BROAD/17TH,37.536062,-77.425916
125,BROAD/9TH,37.54079,-77.433617
128,BROAD/4TH,37.543761,-77.438541
134,BROAD/HENRY,37.548473,-77.446407
135,BROAD/GILMER,37.549384,-77.447967
138,BROAD/RYLAND,37.552809,-77.453686
139,BROAD/BOWE,37.554009,-77.455701
145,BROAD/ROBINSON,37.560809,-77.467093
146,OAKWOOD/Q,37.533365,-77.403653
147,CHIMBORAZO BOULEVARD/P,37.532528,-77.40511
148,CHIMBORAZO BOULEVARD/N,37.531142,-77.406422
150,CHIMBORAZO BOULEVARD/LEIGH,37.529382,-77.408098
151,MARSHALL/CHIMBORAZO BOULEVARD,37.527728,-77.409997
152,MARSHALL/33RD,37.528376,-77.411059
153,MARSHALL/31ST,37.52914,-77.412301
154,MARSHALL/29TH,37.530203,-77.414138
155,MARSHALL/27TH,37.531377,-77.416053
156,MARSHALL/25TH,37.532732,-77.418255
157,MARSHALL/23RD,37.53436,-77.420871
158,35TH/CANEPA,37.533125,-77.399413
162,OAKWOOD/BOXLEY,37.534292,-77.39853
168,SHEPPARD/MONUMENT,37.561922,-77.473054
184,Monument/Westlyn,37.577894,-77.500076
187,LIBBIE/MONUMENT,37.58398,-77.509768
189,LIBBIE/FITZHUGH,37.586612,-77.507124
191,LIBBIE/CONVALESCENT CENTER,37.588752,-77.505087
192,LIBBIE/FITZHUGH,37.587222,-77.506803
194,LIBBIE/MORNINGSIDE,37.584262,-77.509657
195,WILLOW LAWN/WYTHE,37.578205,-77.502615
202,Idlewood/Temple,37.543856,-77.462489
204,IDLEWOOD/RANDOLPH,37.542971,-77.459959
205,HARRISON/GRAYLAND,37.542417,-77.456907
206,HARRISON/CARY,37.54439,-77.455862
207,HARRISON/MAIN,37.545713,-77.455185
208,HARRISON/GROVE,37.54839,-77.455232
209,HARRISON/FRANKLIN,37.549649,-77.454307
210,HARRISON/GRACE,37.550787,-77.453152
211,JEFFERSON/MARSHALL,37.534692,-77.420866
212,JEFFERSON/23RD,37.534815,-77.418836
213,JEFFERSON/25TH,37.535007,-77.41595
214,M/27TH,37.534043,-77.413907
215,M/29TH,37.532668,-77.411667
228,Kane/29th,37.546696,-77.397805
229,CREIGHTON/KANE,37.545685,-77.397902
230,CREIGHTON AT COMMUNITY CENTER,37.544803,-77.398878
232,CREIGHTON/NINE MILE,37.54261,-77.400332
233,NINE MILE/30TH,37.541732,-77.401763
234,NINE MILE/29TH,37.541473,-77.403433
235,28TH/U,37.540387,-77.406219
241,M/30TH,37.532666,-77.411318
242,M/27TH,37.53396,-77.413451
244,JEFFERSON/23RD,37.535,-77.418215
245,HARRISON/BROAD,37.551607,-77.452675
246,HARRISON/FRANKLIN,37.550037,-77.454105
247,HARRISON/PARK,37.549003,-77.45505
249,HARRISON/MAIN,37.545558,-77.455377
251,HARRISON/PARKWOOD,37.543722,-77.456405
252,HARRISON/IDLEWOOD,37.542118,-77.457283
253,IDLEWOOD/RANDOLPH,37.542979,-77.459785
257,LOMBARDY/BETWEEN LAKEVIEW AND CLAIBORNE,37.541147,-77.464055
263,COLORADO/COLORADO MANOR,37.537452,-77.468052
278,CARY/10TH,37.536502,-77.435829
279,MAIN/13TH,37.536259,-77.433173
280,MAIN/14TH,37.535295,-77.431702
293,ACCOMODATION/GAY,37.548653,-77.417372
294,COALTER/RICHMOND,37.547632,-77.418907
295,COALTER/REDD,37.545883,-77.419662
296,7TH/MARSHALL,37.542527,-77.434865
297,MARSHALL/7TH,37.542469,-77.434554
298,8TH/MARSHALL,37.541891,-77.43432
304,17TH/MARSHALL,37.536748,-77.425495
307,MAIN/17TH,37.533863,-77.429037
309,MAIN/13TH,37.53626,-77.432866
310,MAIN/11TH,37.537213,-77.434363
311,MAIN/10TH,37.538202,-77.436136
312,MAIN/8TH,37.538738,-77.437021
313,7TH/FRANKLIN,37.540019,-77.437346
331,CARY/BELMONT,37.552827,-77.480022
332,CARY/SHEPPARD,37.552382,-77.478512
333,CARY/BOULEVARD,37.551618,-77.476405
350,CARY/3RD,37.540618,-77.442692
354,MAIN/18TH,37.532727,-77.427473
356,MAIN/21ST,37.531082,-77.424763
362,MARSHALL/CHIMBORAZO BOULEVARD,37.527013,-77.409102
398,MAIN/25TH,37.529325,-77.421505
400,MAIN/21ST,37.531282,-77.424708
402,MAIN/18TH,37.532809,-77.427335
405,5TH/MAIN,37.540595,-77.439752
422,MAIN/ROBINSON,37.552209,-77.473115
423,MAIN/BOULEVARD,37.552683,-77.475383
425,ELLWOOD/SHEPPARD,37.553585,-77.478065
426,ELLWOOD/BELMONT,37.554205,-77.479667
428,ELLWOOD/DOOLEY,37.555382,-77.483002
453,CAMPUS/BOSTWICK LANE,37.579097,-77.532722
455,CAMPUS/ROSELAWN,37.578339,-77.528091
456,CAMPUS/THREE CHOPT,37.577047,-77.526482
459,GROVE/THREE CHOPT,37.572733,-77.523047
464,GROVE/SENECA,37.572627,-77.5148
466,GROVE/TUCKAHOE,37.571372,-77.512295
468,GROVE/ROSLYN,37.570195,-77.509714
470,GROVE/LEXINGTON,37.568777,-77.506732
473,GROVE/WEST LOCKE LANE,37.56688,-77.502758
476,GROVE/WESTMORELAND,37.565502,-77.499882
477,GROVE/COMMONWEALTH,37.564692,-77.498172
480,GROVE/ANTRIM,37.563274,-77.49521
481,GROVE/MALVERN,37.562053,-77.492665
483,GROVE/HAMILTON,37.560737,-77.48982
484,GROVE/THOMPSON,37.559485,-77.487197
485,GROVE/NANSEMOND,37.55846,-77.484343
487,GROVE/AUBURN,37.557213,-77.480823
488,GROVE/BELMONT,37.556347,-77.478337
490,GROVE/BOULEVARD,37.554973,-77.474672
539,ROBINSON/HANOVER,37.554955,-77.47162
540,GROVE/ROBINSON,37.554257,-77.472335
541,GROVE/BOULEVARD,37.555115,-77.474783
543,GROVE/BELMONT,37.556287,-77.478042
544,GROVE/TILDEN,37.5573,-77.481
545,GROVE/ROSENEATH,37.557928,-77.482643
546,GROVE/NANSEMOND,37.558615,-77.484543
547,GROVE/THOMPSON,37.559462,-77.486895
548,GROVE/HAMILTON,37.560716,-77.489392
550,GROVE/MALVERN,37.562068,-77.492268
552,GROVE/SAUER,37.563423,-77.495105
554,GROVE/COMMONWEALTH,37.564732,-77.497823
555,GROVE/WESTMORELAND,37.565447,-77.499325
557,GROVE/BUNTING,37.567227,-77.503068
559,GROVE/LEXINGTON,37.568788,-77.50639
561,GROVE/ROSLYN ROAD,37.570203,-77.509277
563,GROVE/TUCKAHOE,37.571447,-77.51193
566,GROVE/SENECA,37.572905,-77.51502
568,GROVE/LIBBIE,37.573075,-77.518287
571,GROVE/THREE CHOPT,37.572877,-77.52358
574,TOWANA/THREE CHOPT,37.577412,-77.526712
575,CAMPUS/ROSELAWN,37.578222,-77.527602
577,CAMPUS/BOSTWICK LANE,37.579238,-77.532322
579,14TH/MAIN,37.53527,-77.432233
581,BROAD/WILLOW LAWN SHOPPING CENTER,37.582732,-77.495017
582,BROAD/STAPLES MILL,37.581587,-77.493587
586,WILLOW LAWN/SHELTER,37.582978,-77.498363
587,HENRICO HUMAN SERVICES,37.628336,-77.509514
588,HENRICO JUVENILE AND DOMESTIC RELATION COURTS,37.630317,-77.511603
590,PARHAM/HEALTH SOUTH HOSPITAL,37.63049,-77.527106
590,PARHAM/HENRICO DOCTORS HOSPITAL,37.63049,-77.527106
591,PARHAM/SHRADER,37.63098,-77.529993
592,Parham at Sun Trust Operations Center,37.631049,-77.53272
593,BROAD/CAROUSEL LANE,37.62817,-77.533772
594,BROAD/WESTLAND SHOPPING CENTER,37.625857,-77.531162
595,BROAD/ENTERPRISE PARKWAY,37.624461,-77.529507
596,BROAD/HUNGARY SPRING,37.621687,-77.52637
597,BROAD/WISTAR,37.618815,-77.523982
598,BROAD/SUNNYBROOK,37.616693,-77.522866
600,BROAD/EMERYWOOD PARKWAY,37.610372,-77.519543
601,BROAD/ALTRIA,37.600989,-77.514974
602,BROAD/HOME DEPOT,37.597982,-77.513622
603,BROAD/MORNINGSIDE,37.595095,-77.510223
604,BROAD/CRESTWOOD,37.592197,-77.506645
605,BROAD/BREMO,37.590863,-77.505049
606,BROAD/LAKE,37.588741,-77.502447
608,BROAD/LAKE,37.588588,-77.501763
609,BROAD/BREMO,37.591321,-77.505156
610,BROAD/CRESTWOOD,37.592888,-77.50705
611,BROAD/6020 WEST BROAD,37.595105,-77.509759
612,BROAD STREET/W CLUB,37.597617,-77.512738
613,BROAD/BROOKFIELD,37.601538,-77.514667
614,BROAD/GLENSIDE,37.609176,-77.518493
615,BROAD/BETHLEHEM,37.614423,-77.521298
617,BROAD/SUNNYBROOK,37.617405,-77.522857
619,BROAD/CARDINAL,37.620944,-77.525133
620,HUNGARY SPRING/BROAD,37.622433,-77.526163
621,HUNGARY SPRING AT VERIZON,37.625477,-77.522937
622,HUNGARY SPRING/STONEMAN,37.628018,-77.520228
623,HENRICO GOVERNMENT COMPLEX CENTER,37.627503,-77.516928
624,PRINCE HENRY/ADMINISTRATION BUILDING SHELTER,37.628977,-77.514202
625,BROAD/BYRD,37.586773,-77.499545
626,LIBBIE/INDIGO,37.592645,-77.500585
627,Libbie/Argus,37.594318,-77.499715
628,STAPLES MILL RD/NORTHSIDE,37.604441,-77.492696
629,STAPLES MILL RD/ASPEN,37.607594,-77.495057
630,STAPLES MILL/TALLEY,37.61156,-77.496058
631,GLENSIDE/CLOVERDALE (PARKING LOT),37.61458,-77.501708
632,CROCKETT/STAPLES MILL,37.61512,-77.498443
633,Staples Mill/Amtrak Station,37.616852,-77.498426
634,BREMNER/BALMORAL,37.618292,-77.501136
635,BREMNER/FERNWOOD,37.617495,-77.506021
636,BREMNER/BETH,37.616685,-77.508763
637,BASIE/COUNT,37.615383,-77.515714
638,BETHLEHEM/FOUNTAIN,37.613736,-77.519771
639,BETHLEHEM/FOUNTAIN,37.613599,-77.519879
640,BASIE/COUNT,37.615295,-77.515672
641,BREMNER/BETH,37.616531,-77.508997
642,BREMNER/FERNWOOD,37.617437,-77.505483
643,BREMNER/BALMORAL,37.618173,-77.501355
644,STAPLES MILL/AMTRAK,37.617061,-77.498797
645,STAPLES MILL/CROCKETT,37.614933,-77.499293
646,STAPLES MILL/TALLEY,37.611063,-77.4964
647,STAPLES MILL/TOWNHOUSE,37.606935,-77.495113
648,STAPLES MILL/HAMLET APT,37.604524,-77.49333
649,Libbie/Argus,37.594031,-77.500216
650,LIBBIE/INDIGO,37.592601,-77.500945
651,PEMBERTON/BROAD,37.639509,-77.562161
652,STILLMAN PKY/MAYLAND DR,37.640132,-77.566067
653,BROAD BETWEEN STILLMAN PKY AND PEMBERTON RD,37.641383,-77.562355
654,BROAD/TANELORN,37.63977,-77.558532
655,BROAD/SUNDANCE WAY,37.637873,-77.553748
656,BROAD/TUCKERNUCK,37.636622,-77.550712
657,BROAD/HOMEVIEW,37.634523,-77.545387
658,BROAD/SKIPWITH,37.63237,-77.54003
659,BROAD/CHANTILLY,37.580186,-77.491893
661,BROAD/WESTMORELAND,37.577932,-77.489168
662,BROAD/COMMONWEALTH,37.576938,-77.487952
664,BROAD/MALVERN,37.573043,-77.483223
665,BROAD/LAFAYETTE,37.572075,-77.482123
666,BROAD/HAMILTON,37.570429,-77.480178
668,BROAD/ROSENEATH,37.56787,-77.47716
669,BROAD/TILDEN,37.566618,-77.475658
671,BROAD/BELMONT,37.564675,-77.473337
674,10TH/MARSHALL,37.540721,-77.432685
676,GASKINS/MAYLAND (PARKING LOT),37.638783,-77.573585
678,BROAD/SUMMIT,37.565255,-77.473615
679,BROAD/MACTAVISH,37.566842,-77.475492
680,BROAD/ROSENEATH,37.56797,-77.476827
682,BROAD/HAMILTON,37.570597,-77.479942
683,BROAD/KENT,37.57149,-77.480998
684,BROAD/LAFAYETTE,37.572392,-77.482063
685,BROAD/WESTWOOD,37.573465,-77.483318
687,BROAD/COMMONWEALTH,37.576858,-77.487443
688,BROAD/WESTMORELAND,37.578423,-77.489352
690,BROAD/CHANTILLY,37.580547,-77.491893
691,BROAD/STAPLES MILL,37.581968,-77.493618
692,BROAD/ENTERPRISE PARKWAY,37.624753,-77.529333
693,BROAD/FOUNTAIN SQUARE,37.626838,-77.531782
694,BROAD/CAROUSEL LANE,37.628519,-77.533683
695,BROAD/SKIPWITH,37.632422,-77.539522
696,BROAD/HOMEVIEW,37.634437,-77.544505
697,BROAD/TUCKERNUCK,37.636432,-77.549322
698,BROAD/SUNDANCE WAY,37.638074,-77.553483
699,PARK/SHEPPARD,37.560977,-77.47418
700,PARK/CLEVELAND,37.561858,-77.476905
703,PATTERSON/NANSEMOND,37.562449,-77.482283
705,PATTERSON/HAMILTON,37.564433,-77.486085
707,PATTERSON/MALVERN,37.56601,-77.489168
708,PATTERSON/SAUER,37.56748,-77.49203
710,PATTERSON/WESTMORELAND,37.569635,-77.496185
711,PATTERSON/CHANTILLY,37.571415,-77.49965
712,PATTERSON/SPOKANE,37.572909,-77.502578
713,PATTERSON/HARLAN CIRCLE,37.574035,-77.504751
714,PATTERSON/GREENWAY LANE,37.574973,-77.506502
715,PATTERSON/WILLOW LAWN,37.575603,-77.507948
716,PATTERSON/MATOAKA,37.576637,-77.509878
718,PATTERSON/GRANITE,37.578423,-77.512867
719,PATTERSON/LIBBIE,37.579657,-77.514592
720,PATTERSON/MAPLE,37.58082,-77.51628
721,PATTERSON/ALGOMA,37.581945,-77.517993
723,PATTERSON/PEPPER,37.583985,-77.520973
725,PATTERSON/CHANTECLER,37.586093,-77.524183
726,PATTERSON/HONAKER,37.587715,-77.526467
727,PATTERSON/RIPLEY,37.589352,-77.528928
728,PATTERSON/REGISTER PKWY,37.590845,-77.531098
730,THREE CHOPT/SKIPWITH,37.597107,-77.536583
731,SKIPWITH/PARKLINE,37.600253,-77.537581
732,Skipwith/Forest,37.603679,-77.537685
733,ROLAND HILLS/1602,37.602971,-77.546154
734,SANTA ROSA/FRANKLIN FARMS,37.602235,-77.548232
735,THREE CHOPT/SANTA ROSA,37.6007,-77.548297
736,THREE CHOPT/MICHAELS,37.601179,-77.551691
737,THREE CHOPT/WESTBERRY,37.601788,-77.554407
738,THREE CHOPT/RIDGE,37.603163,-77.559008
739,Three Chopt Rd. at Ridge Elementary School,37.604726,-77.560013
741,THREE CHOPT/FARGO,37.607368,-77.562496
743,FARGO/PARHAM,37.607424,-77.564413
744,STARLING/STARLING CT,37.606622,-77.568148
764,BROOK/BROOKLAND PARK BOULEVARD,37.57207,-77.44913
797,BROOKLAND PARK BOULEVARD/NORTH,37.571582,-77.433172
804,BROOK/BROOKLAND PARK BOULEVARD,37.571832,-77.4494
805,BROOK/SHERWOOD,37.570242,-77.449297
809,OVERBROOK/BROOK,37.565347,-77.44901
810,OVERBROOK/LANGSTON,37.56537,-77.4518
822,MARKEL/BYRD,37.584283,-77.499476
823,BYRD/OLD RICHMOND,37.584543,-77.500908
824,BYRD/FITZHUGH,37.583716,-77.501721
826,9TH/MAIN,37.538421,-77.436012
827,LOMBARDY/KROGERS,37.55568,-77.454638
828,LOMBARDY/W MOORE,37.557837,-77.45266
829,LOMBARDY/ADMIRAL,37.559918,-77.450691
831,BROOK/LOMBARDY,37.563544,-77.448125
837,LABURNUM/FAUQUIER,37.584557,-77.451885
853,HERMITAGE/PALMYRA,37.579209,-77.461488
855,HERMITAGE/MAPLE SHADE LN,37.58208,-77.462037
858,WESTBROOK/CRESTWOOD,37.596457,-77.46167
860,HERMITAGE/PRINCETON,37.592912,-77.46527
865,BROOK/BELLEVUE,37.591123,-77.452576
866,BROOK/CLAREMONT,37.58835,-77.451998
868,BROOK/AVONDALE,37.58622,-77.451578
876,BROOK/LOMBARDY,37.562912,-77.448223
878,LOMBARDY/ADMIRAL,37.560448,-77.450359
879,LOMBARDY/MAGGIE WALKER HIGH SCHOOL,37.557583,-77.453057
885,HERMITAGE/BELLEVUE,37.590751,-77.464298
887,HERMITAGE/CLAREMONT,37.587149,-77.463855
888,HERMITAGE/LABURNUM,37.584384,-77.462729
890,HERMITAGE/MAPLE SHADE LN,37.582045,-77.46228
893,HERMITAGE/OAKDALE,37.579333,-77.46175
898,BOULEVARD/WESTWOOD,37.577848,-77.461925
900,BOULEVARD/ELLEN,37.574309,-77.46391
901,BOULEVARD/GREYHOUND BUS STATION,37.57143,-77.465477
902,BOULEVARD/MOORE,37.566682,-77.468052
905,BOULEVARD/CLAY,37.564603,-77.468924
907,BOULEVARD/LEIGH,37.566472,-77.467948
908,BOULEVARD/THE DIAMOND,37.572233,-77.46477
909,BOULEVARD/ROBINHOOD,37.574593,-77.463483
911,HERMITAGE/LABURNUM,37.584782,-77.462513
912,HERMITAGE/CLAREMONT,37.586889,-77.463416
914,HERMITAGE/BELLEVUE,37.59027,-77.463952
918,BOULEVARD/BROOKLAND PARKWAY,37.577305,-77.461951
920,FORDSON/PARHAM (PARKING LOT),37.619793,-77.556633
921,JACKSON/4TH,37.547223,-77.434992
922,8TH/CLAY,37.542883,-77.433374
926,4TH/JACKSON,37.547557,-77.434395
927,JACKSON/6TH,37.546162,-77.43284
934,MEADOW/NEVADA,37.535147,-77.472852
936,MEADOW/COLORADO,37.537735,-77.472127
937,MEADOW/AMELIA,37.539288,-77.471238
938,MEADOW/WINDER,37.540612,-77.470549
939,MEADOW/BLAIR,37.54185,-77.469825
940,MEADOW/CLAIRBORNE,37.542605,-77.46938
941,MEADOW/LAKEVIEW,37.543345,-77.468855
943,MEADOW/ROSEWOOD,37.545237,-77.467925
950,ROBINSON/CARY,37.551125,-77.473623
951,ROBINSON/MAIN,37.552078,-77.473052
952,ROBINSON/GROVE,37.553926,-77.472038
953,ROBINSON/HANOVER,37.555051,-77.47141
955,ROBINSON/KENSINGTON,37.55765,-77.469825
958,ROBINSON/BROAD,37.560413,-77.46725
970,MCCLOY/MAPLEWOOD,37.550195,-77.484447
971,MCCLOY/IDLEWOOD,37.55124,-77.483398
974,25TH/LEIGH,37.534142,-77.41634
980,22ND/FAIRMOUNT,37.542265,-77.412857
981,22ND/U,37.54394,-77.411249
982,22ND/W,37.545351,-77.409939
990,21ST/PHAUP,37.550683,-77.4077
992,21ST/FAIRFIELD,37.54824,-77.409218
996,MOSBY/VENABLE,37.538663,-77.420282
997,MOSBY/O,37.540274,-77.419984
998,MOSBY/P,37.541795,-77.419128
1004,MECHANICSVILLE PIKE/CARVER,37.550652,-77.413335
1005,MECHANICSVILLE PIKE/PHAUP,37.552278,-77.412318
1006,WHITCOMB/MECHANICSVILLE PIKE,37.554111,-77.412237
1007,WHITCOMB/DEFOREST,37.554478,-77.414257
1009,WHITCOMB/REDWOOD,37.55401,-77.417825
1010,ROBINSON/BROAD,37.560062,-77.46771
1013,ROBINSON/KENSINGTON,37.557237,-77.470333
1015,ROBINSON/GROVE,37.553755,-77.472225
1017,X/22ND,37.546405,-77.409345
1018,22ND/W,37.545624,-77.409861
1020,22ND/U,37.543897,-77.411587
1021,22ND/FAIRMOUNT,37.542332,-77.412977
1028,WHITCOMB/LEBANON,37.55366,-77.420798
1029,MECKLENBURG/WOOD,37.552853,-77.422243
1033,HILDRETH/FORD,37.549534,-77.419886
1036,FORD/MECHANICSVILLE PIKE,37.549555,-77.41448
1041,MOSBY/P,37.54139,-77.419645
1042,MOSBY/LEIGH,37.540213,-77.42017
1058,MEADOW/GILBERT,37.5427,-77.469525
1059,MEADOW/WALKER,37.541734,-77.470054
1060,MEADOW/POWHATAN,37.540097,-77.470954
1061,MEADOW/AMELIA,37.539523,-77.471289
1062,MEADOW/COLORADO,37.537534,-77.472394
1064,MEADOW/NEVADA,37.535307,-77.47294
1065,MEADOW/PENNSYLVANIA,37.534165,-77.473242
1066,PENNSYLVANIA/GEORGIA,37.534034,-77.472375
1067,PENNSYLVANIA/GREENVILLE,37.534018,-77.471303
1068,PENNSYLVANIA/CARTER,37.533999,-77.470288
1077,CORBIN/CHEATWOOD,37.590273,-77.440975
1078,CORBIN/REX,37.588787,-77.441747
1079,CORBIN/NORTH,37.587007,-77.442653
1080,NORTH/MOSS SIDE,37.586168,-77.441747
1081,NORTH/MONTROSE,37.585329,-77.440319
1082,NORTH/HENRICO BOULEVARD,37.583347,-77.436858
1083,NORTH/FENDALL,37.58235,-77.435222
1090,NORTH/ESSEX,37.570138,-77.43287
1091,NORTH/BROOKLAND PARK BOULEVARD,37.57125,-77.432679
1099,NORTH/ALMA,37.583133,-77.436263
1100,NORTH/LABURNUM,37.584483,-77.438543
1101,NORTH/MONTROSE,37.585568,-77.440427
1102,MOSS SIDE/NORTH,37.586715,-77.441801
1103,MOSS SIDE/REX,37.588378,-77.440292
1104,NORTH/ESSEX,37.569891,-77.432787
1105,NORTH/CRAWFORD,37.572897,-77.43256
1106,NORTH/GLADSTONE,37.574697,-77.432417
1107,NORTH/MEREDITH,37.576278,-77.43256
1108,NORTH/LADIES MILE,37.578122,-77.432775
1115,PILOTS LANE/LABURNUM,37.585188,-77.433819
1117,LABURNUM/PLYMOUTH,37.584741,-77.436092
1118,LABURNUM/ALMA,37.584838,-77.435047
1125,NORTH/MEREDITH,37.576462,-77.432687
1126,NORTH/GLADSTONE,37.574522,-77.432528
1127,NORTH/CRAWFORD,37.572693,-77.432647
1131,7TH/MAIN,37.539163,-77.438136
1133,2ND/LEIGH,37.547648,-77.437177
1134,DUVAL NEAR 1ST,37.549793,-77.436303
1135,1ST/BAKER,37.550847,-77.43554
1137,1ST/HILL HOSPITAL,37.55337,-77.433203
1138,MONTEIRO/FELLS,37.557348,-77.43031
1139,MONTEIRO/WELLFORD,37.5585,-77.430263
1140,POE/LAMB,37.560125,-77.431185
1142,NORTH/POE,37.560598,-77.433283
1143,NORTH/ROBERTS,37.561577,-77.433243
1144,NORTH/GRAHAM,37.564075,-77.43314
1145,NORTH/E LANCASTER,37.565732,-77.43306
1147,NORTH/HOOPER,37.568363,-77.432893
1148,CARY/8TH,37.538037,-77.43833
1149,9TH/CARY,37.537702,-77.436692
1150,NORTH/HOOPER,37.568573,-77.432965
1151,NORTH/NORWOOD,37.566842,-77.433117
1152,NORTH/OVERBROOK,37.56508,-77.433187
1153,NORTH/WICKHAM,37.563817,-77.433252
1154,NORTH/ROBERTS,37.561778,-77.433323
1155,POE/NORTH,37.560089,-77.433171
1156,POE/LAMB,37.560007,-77.431527
1157,MONTEIRO/MINOR,37.558977,-77.43035
1158,MONTEIRO/FELLS,37.557478,-77.430413
1159,1ST/HILL,37.553088,-77.433593
1160,1ST/FEDERAL,37.552078,-77.434523
1161,1ST/BAKER,37.550613,-77.435898
1162,1ST/DUVAL,37.549652,-77.436827
1163,1ST/LEIGH,37.548105,-77.438298
1164,1ST/CLAY,37.547006,-77.439364
1165,1ST/MARSHALL,37.545841,-77.440463
1166,8TH/CARY,37.538068,-77.43802
1170,5TH/NORTH OF I 64 UNDERPASS,37.548899,-77.432038
1171,5TH/HOSPITAL,37.55188,-77.428848
1173,4TH/TRIGG,37.556898,-77.42531
1174,4TH/CHESTNUT,37.558621,-77.423952
1175,4TH/CYPRESS,37.56032,-77.422633
1176,4TH/JUNIPER,37.561997,-77.421322
1177,4TH/SPRUCE,37.562832,-77.420655
1178,4TH/MAGNOLIA,37.564508,-77.419343
1179,4TH/VICTOR,37.566185,-77.418032
1181,BROOKLAND PARK BOULEVARD/4TH,37.568907,-77.416475
1183,1ST/FRONT,37.5717,-77.418198
1185,1ST/POLLOCK,37.573729,-77.416606
1186,1ST/MILTON,37.575245,-77.415442
1187,HIGHLAND/1ST,37.576715,-77.414758
1188,HIGHLAND/ENSLOW,37.577237,-77.415847
1189,HIGHLAND/CAROLINA,37.577768,-77.416912
1191,HIGHLAND/DELAWARE,37.578842,-77.419145
1193,HIGHLAND/MISSOURI,37.57993,-77.421425
1194,PATRICK/MEADOWBRIDGE,37.580208,-77.422458
1195,MEADOWBRIDGE/MILTON,37.578385,-77.422093
1197,MEADOWBRIDGE/POLLOCK,37.576533,-77.421473
1199,MEADOWBRIDGE/GLADSTONE,37.574657,-77.421005
1200,MEADOWBRIDGE/NORTHSIDE,37.573783,-77.420727
1201,MEADOWBRIDGE/ARNOLD,37.57215,-77.419682
1203,MEADOWBRIDGE/HIGHLANDVIEW,37.571113,-77.418985
1205,BROOKLAND PARK BOULEVARD/4TH,37.56884,-77.41653
1207,4TH/VICTOR,37.566455,-77.418017
1208,4TH/MAGNOLIA,37.56475,-77.419312
1209,4TH/SPRUCE,37.563112,-77.420667
1210,4TH/JUNIPER,37.562228,-77.421298
1211,4TH/CYPRESS,37.560527,-77.422585
1212,4TH/CHESTNUT,37.558922,-77.423906
1214,4TH/ROWEN,37.556072,-77.426058
1215,5TH/HOSPITAL,37.551673,-77.42927
1216,5TH/NORTH OF I 64 UNDERPASS,37.54979,-77.431169
1218,LEIGH/1ST,37.548303,-77.438703
1219,CHAMBERLAYNE/PRICE,37.54958,-77.440192
1220,CHAMBERLAYNE/DUVAL,37.550852,-77.440563
1222,CHAMBERLAYNE/BACON,37.556272,-77.442025
1224,CHAMBERLAYNE/FELLS,37.55883,-77.442422
1226,CHAMBERLAYNE/TAZEWELL,37.56129,-77.44255
1227,CHAMBERLAYNE/SLEDD,37.562676,-77.443196
1229,CHAMBERLAYNE/OVERBROOK,37.565487,-77.443963
1230,CHAMBERLAYNE/APPROX 50 FEET SOUTH OF EDGEHILL,37.567933,-77.444377
1231,CHAMBERLAYNE/HAMMOND,37.56932,-77.444615
1232,CHAMBERLAYNE/BROOKLAND PARK BOULEVARD,37.571844,-77.444979
1233,CHAMBERLAYNE/LADIES MILE,37.574027,-77.445394
1234,CHAMBERLAYNE/RENNIE,37.575219,-77.445595
1235,CHAMBERLAYNE/WESTWOOD,37.578587,-77.446197
1236,CHAMBERLAYNE/MELROSE,37.579815,-77.44636
1237,CHAMBERLAYNE/WALTON,37.581842,-77.446753
1238,CHAMBERLAYNE/LABURNUM,37.584899,-77.447243
1239,CHAMBERLAYNE/ORDWAY,37.58713,-77.447667
1242,BROOK/CLAREMONT,37.588303,-77.451817
1244,BROOK/BELLEVUE,37.591316,-77.452324
1246,BROOK/WESTMINSTER,37.594163,-77.452849
1248,BROOK/WESTBROOK,37.597092,-77.453373
1250,BROOK/AZALEA,37.600762,-77.454024
1252,AZALEA/WEST SEMINARY,37.601395,-77.45327
1253,CHAMBERLAYNE/AZALEA,37.601273,-77.45029
1254,CHAMBERLAYNE/WATKINS,37.599441,-77.449964
1255,CHAMBERLAYNE/WESTBROOK,37.59706,-77.449567
1256,CHAMBERLAYNE/WESTMINSTER,37.594155,-77.449067
1257,CHAMBERLAYNE/BELLEVUE,37.591212,-77.448582
1258,CHAMBERLAYNE/CLAREMONT,37.587945,-77.447985
1259,CHAMBERLAYNE/ORDWAY,37.586768,-77.447787
1260,CHAMBERLAYNE/LABURNUM,37.584213,-77.447374
1261,CHAMBERLAYNE/WALTON,37.58125,-77.446865
1262,CHAMBERLAYNE/MELROSE,37.57941,-77.446547
1263,CHAMBERLAYNE/WESTWOOD,37.577828,-77.446268
1264,CHAMBERLAYNE/RENNIE,37.575027,-77.445777
1265,CHAMBERLAYNE/LADIES MILE,37.573378,-77.445513
1266,CHAMBERLAYNE/BROOKLAND PARK BOULEVARD,37.571808,-77.445252
1267,CHAMBERLAYNE/HAMMOND,37.569317,-77.444865
1268,CHAMBERLAYNE/EDGEHILL,37.567835,-77.444583
1269,CHAMBERLAYNE/OVERBROOK,37.565478,-77.444187
1271,CHAMBERLAYNE/SLEDD,37.562794,-77.443596
1272,CHAMBERLAYNE/TAZEWELL,37.560932,-77.4427
1273,CHAMBERLAYNE/SCHOOL,37.55909,-77.442663
1274,CHAMBERLAYNE/FRITZ,37.557332,-77.442597
1275,CHAMBERLAYNE/MITCHELL,37.555632,-77.442105
1276,BROOK/OVERPASS,37.55353,-77.442335
1277,CHAMBERLAYNE/BAKER,37.552123,-77.441063
1280,LEIGH/1ST,37.548012,-77.438542
1282,GOVERNMENT/1334,37.522085,-77.40151
1284,PARKER/WILLIAMSBURG,37.514703,-77.395278
1285,DARBYTOWN/HENRICO ARMS,37.512168,-77.393148
1286,DARBYTOWN/SHIRELYDALE,37.510682,-77.390725
1287,DARBYTOWN/LOUSIA,37.506478,-77.384255
1289,LABURNUM/SEVEN HILLS,37.493555,-77.352387
1290,CHARLES CITY/LABURNUM,37.504932,-77.351258
1291,CHARLES CITY/2463,37.507128,-77.356098
1292,GLEN ALDEN/SARELLEN,37.510292,-77.35683
1293,SARELLEN/ACROSS FROM 4305,37.511456,-77.358988
1294,KLOCHNER/ACROSS FROM PCI OF VA INC,37.513917,-77.361978
1295,EUBANK/ENTRANCE TO CAROLINA,37.514695,-77.360453
1297,EUBANK/GLEN ALDEN,37.513058,-77.356649
1298,EUBANK/LABURNUM,37.511512,-77.351258
1299,EUBANK/RALEIGH,37.511623,-77.346483
1300,Eubank/Lewis,37.511608,-77.341591
1303,RIC AIRPORT,37.507498,-77.333703
1306,EUBANK/LEWIS,37.51173,-77.341977
1307,EUBANK/RALEIGH,37.511647,-77.347142
1308,EUBANK/LABURNUM,37.511612,-77.351473
1310,EUBANK/4312,37.513078,-77.356273
1311,EUBANK/KLOCKNER,37.514575,-77.359865
1312,KLOCHNER/PCI OF VA INC,37.513857,-77.362233
1313,SARELLEN/GLEN ALDEN,37.511225,-77.358828
1314,GLEN ALDEN/SARELLEN,37.510197,-77.357028
1315,CHARLES CITY/2464,37.506982,-77.356161
1316,CHARLES CITY/LABURNUM,37.504443,-77.35075
1317,LABURNUM/SEVEN HILLS,37.492757,-77.353253
1319,DARBYTOWN/BUCKNER,37.506422,-77.383967
1320,DARBYTOWN/SHIRELYDALE,37.510566,-77.390289
1321,Darbytown/Geffert,37.512199,-77.392839
1323,PARKER/WILLIAMSBURG,37.514377,-77.395183
1324,PARKER/WILLIAMSBURG,37.515005,-77.395223
1325,GOVERNMENT/1334,37.522109,-77.401405
1330,WILLIAMSBURG/MAIN,37.525288,-77.417945
1331,WILLIAMSBURG/31ST,37.522937,-77.413339
1332,WILLIAMSBURG/NICHOLSON,37.519237,-77.410691
1333,ADMIRAL GRAVELY/WILLIAMSBURG,37.519027,-77.410068
1334,ADMIRAL GRAVELY/CARLISLE,37.518775,-77.406253
1337,ADMIRAL GRAVELY/GOVERNMENT,37.520747,-77.401215
1340,WILLIAMSBURG/GODDIN,37.516237,-77.409617
1341,WILLIAMSBURG/HATCHER,37.514465,-77.407781
1342,WILLIAMSBURG/MONTEBELLO CIRCLE,37.514627,-77.404451
1344,WILLIAMSBURG/ARCADIA,37.514568,-77.401843
1345,WILLIAMSBURG/WAVERLY,37.514538,-77.399956
1346,WILLIAMSBURG/SALEM,37.514485,-77.396746
1350,VINTON/HENRICO ARMS,37.509415,-77.392847
1351,HENRICO ARMS PLACE,37.51051,-77.392258
1360,WILLIAMSBURG/SALEM,37.514587,-77.396422
1362,WILLIAMSBURG/WAVERLY,37.514683,-77.400175
1363,WILLIAMSBURG/TOMPKINS,37.514727,-77.40248
1364,WILLIAMSBURG/NORTHHAMPTON,37.514782,-77.404847
1365,WILLIAMSBURG/HATCHER,37.514703,-77.40755
1366,WILLIAMSBURG/GODDIN,37.516595,-77.409537
1369,WILLIAMSBURG/NICHOLSON,37.520187,-77.41049
1370,WILLIAMSBURG/31ST,37.523105,-77.413084
1371,WILLIAMSBURG/MAIN,37.525421,-77.417849
1372,MAIN/26TH,37.528492,-77.420202
1379,ADMIRAL GRAVELY/GOVERNMENT,37.5206,-77.401803
1382,ADMIRAL GRAVELY BOULEVARD/GILLIAM,37.51884,-77.40596
1383,ADMIRAL GRAVELY BOULEVARD/WILLIAMSBURG,37.519162,-77.410235
1384,STONEY RUN/GOVERNMENT,37.523437,-77.402297
1386,STONEY RUN/ACROSS FROM 1506,37.524137,-77.39833
1388,JENNIE SCHER/CENTRAL,37.523894,-77.396523
1391,ACCOMAC/LURAY,37.521461,-77.397422
1393,LURAY/NEWMAN,37.520632,-77.394993
1404,BROAD ROCK/HORNER LANE,37.493905,-77.47023
1406,BELT BOULEVARD/MERRY OAKS,37.499658,-77.471048
1409,BELT BOULEVARD/STOCKTON,37.500485,-77.472097
1410,BROAD ROCK/BELT BOULEVARD,37.498205,-77.470627
1412,BROAD ROCK/HORNER LANE,37.493738,-77.470563
1413,Broad Rock/Kinsley,37.490842,-77.472058
1415,BROAD ROCK/CRANFORD,37.487782,-77.47476
1416,BROAD ROCK/TERMINAL,37.485583,-77.476827
1423,BANTON/DUPONT,37.464345,-77.454597
1425,FLUVANNA/WALMSLEY BOULEVARD,37.463753,-77.457665
1426,WALMSLEY BOULEVARD/SHACKLEFORD,37.465315,-77.462212
1427,WALMSLEY BOULEVARD/VIAL,37.466613,-77.464802
1428,WALMSLEY BOULEVARD/SUSAN,37.468398,-77.467503
1430,WALMSLEY BOULEVARD/OLIVE,37.470873,-77.4748
1431,WALMSLEY BOULEVARD/WOODMERE,37.470762,-77.477883
1433,WALMSLEY BOULEVARD/SOUTHALL,37.470118,-77.481833
1435,BROAD ROCK/EPPERSON,37.473655,-77.481983
1442,BROAD ROCK/TERMINAL,37.485385,-77.47658
1444,BROAD ROCK/CRANFORD,37.487793,-77.474275
1448,BELT BOULEVARD/WACHOVIA BANK,37.504205,-77.475785
1450,BELT AT GRTC ADMINISTRATION BUILDING,37.505437,-77.479305
1454,WESTOVER HILLS BOULEVARD/BRENTWOOD SOUTH APTS,37.513578,-77.489089
1458,FOREST HILL/47TH,37.520481,-77.486156
1461,FOREST HILL/TAYLOR,37.51965,-77.48157
1463,FOREST HILL/41ST,37.517865,-77.477613
1464,FOREST HILL/ROANOKE,37.516395,-77.47433
1467,CRUTCHFIELD/ROANOKE,37.512132,-77.475569
1469,CRUTCHFIELD/NORCROFT,37.511155,-77.483447
1470,CRUTCHFIELD/CHARNWOOD APT,37.511047,-77.48475
1474,GIANT/MIDLOTHIAN,37.504808,-77.50225
1475,GIANT DR/100 BLOCK,37.503457,-77.502153
1478,WARWICK AT 5836,37.497235,-77.504102
1482,MIDLOTHIAN PIKE/BEAUFONT HILLS DRIVE,37.504217,-77.510658
1486,Midlothian/Arcadia,37.502203,-77.519748
1490,MIDLOTHIAN PIKE/SOUTHGATE SHOPPING CENTER,37.50465,-77.506152
1498,MIDLOTHIAN PIKE/ERICH,37.505988,-77.498737
1501,BELT BOULEVARD/BRANDON,37.507288,-77.485258
1507,Broad Rock/Warwick,37.482878,-77.478884
1509,BROAD ROCK/ROCKCREER APTS,37.478702,-77.480737
1512,BROAD ROCK/WALMSLEY,37.471755,-77.482827
1514,WALMSLEY/WOODMERE,37.470643,-77.478027
1515,WALMSLEY/OLIVE,37.470825,-77.474998
1517,WALMSLEY/HOPKINS,37.468887,-77.468918
1518,WALMSLEY/ARNWOOD,37.466104,-77.463986
1519,WALMSLEY/SHACKELFORD RD.,37.465348,-77.46245
1520,HULL/COWARDIN,37.51781,-77.448892
1521,HULL/17TH,37.518323,-77.448105
1523,HULL/14TH,37.519808,-77.445777
1524,HULL/12TH,37.52087,-77.444138
1525,HULL/11TH,37.521367,-77.44336
1527,HULL/7TH,37.52337,-77.440159
1528,HULL/5TH,37.524407,-77.438568
1529,HULL/3RD,37.525402,-77.436939
1530,14TH BRIDGE/GREAT COASTAL,37.52989,-77.433758
1531,14TH/DOCK,37.533685,-77.432556
1532,CHIPPENHAM MALL PARKING LOT,37.480748,-77.511483
1533,HULL/ELKHAT SCHOOL,37.480475,-77.508791
1535,HULL/HEY,37.48207,-77.504454
1536,HULL/ORCUTT,37.48306,-77.502678
1537,HULL/BERRYWOOD,37.484627,-77.5
1539,HULL/CHESTERFIELD,37.487793,-77.494875
1541,HULL/WARWICK,37.49241,-77.488445
1544,SOUTHWOOD/CLARKSON,37.493535,-77.479818
1549,HULL ST/MCGUIRE DRIVE,37.50364,-77.471112
1553,HULL/PLAYN,37.50943,-77.462071
1555,HULL/TYNICK,37.511052,-77.459572
1557,HULL/EVANS,37.513073,-77.456393
1562,BROAD ROCK/BELT BOULEVARD,37.499607,-77.46965
1563,BROAD ROCK/MCGUIRE,37.501423,-77.468203
1564,BROAD ROCK/36TH,37.502845,-77.466177
1565,BROAD ROCK/34TH,37.504053,-77.46477
1566,BROAD ROCK/HOLLY SPRINGS,37.505448,-77.463522
1571,Clarkson/Across from 1785,37.490488,-77.481732
1572,CLARKSON RD/WARWICK,37.489303,-77.482563
1573,WARWICK/HULL,37.49143,-77.486687
1574,14TH/DOCK,37.53346,-77.432808
1575,14TH/REYNOLDS ALUMINUM CO,37.529468,-77.434078
1576,HULL/3RD,37.525447,-77.437129
1577,HULL/5TH,37.524699,-77.438308
1578,HULL/7TH,37.523588,-77.43999
1579,HULL/9TH,37.522663,-77.441742
1580,HULL/11TH,37.521602,-77.443177
1582,HULL/14TH,37.520075,-77.445593
1584,HULL/COWARDIN,37.517968,-77.448907
1587,HULL/24TH,37.514493,-77.454387
1588,HULL/EVANS,37.513045,-77.456671
1590,HULL/TYNICK,37.511017,-77.459891
1595,HULL/35TH,37.506007,-77.467648
1597,HULL ST/SPAINE,37.503608,-77.471588
1598,HULL/PLAZA,37.500695,-77.47619
1600,HULL/DIXON,37.497457,-77.481157
1604,HULL/SWANSON,37.48798,-77.494962
1605,HULL/SILVERWOOD,37.486358,-77.497402
1607,HULL/ORCUTT,37.48357,-77.502147
1610,SOUTHWOOD/CLARKSON,37.493664,-77.481106
1611,CLARKSON/SOUTHWOOD,37.493062,-77.479885
1612,CLARKSON/MARGRAVE,37.491138,-77.481062
1614,FOREST HILL/WESTOVER HILLS BOULEVARD,37.52081,-77.487928
1620,MIDLOTHIAN PIKE/COVINGTON,37.507641,-77.493036
1625,MIDLOTHIAN PIKE/37TH,37.51053,-77.473162
1626,MIDLOTHIAN PIKE/34TH,37.511032,-77.470207
1627,MIDLOTHIAN PIKE/33RD,37.511262,-77.468903
1628,MIDLOTHIAN PIKE/EAST BLAKE LANE,37.511723,-77.46605
1634,MIDLOTHIAN PIKE/CLOPTON,37.513468,-77.456364
1641,MIDLOTHIAN PIKE/BLAND,37.510777,-77.472343
1650,ROANOKE/MOODY,37.51082,-77.474722
1651,DURYEA/UNITED METHODIST CHURCH (OLD GUN),37.535127,-77.591212
1657,EVANSWAY LANE/DOMINO,37.541302,-77.569515
1658,FOREST HILL/STONEY POINT MED CENTER DRIVEWAY,37.540578,-77.566758
1660,FOREST HILL/STONY LAKE,37.537452,-77.567083
1661,FOREST HILL/DRIVEWAY TO STONY POINT SHOPPING CT,37.536295,-77.565828
1663,FOREST HILL/ANWELL DR,37.53221,-77.555187
1667,FOREST HILL/KENMORE,37.53483,-77.537868
1668,FOREST HILL/SHEILA LANE,37.536915,-77.532417
1669,Forest Hill/Cherokee,37.537681,-77.525309
1671,FOREST HILL/HATHAWAY,37.538059,-77.520402
1672,FOREST HILL/MELBORNE,37.537555,-77.518398
1673,FOREST HILL/WOODBERRY LA,37.536538,-77.515258
1674,FOREST HILL/RETIG,37.53583,-77.512453
1676,FOREST HILL/WINDSOR VIEW,37.536828,-77.515927
1678,FOREST HILL/HATHAWAY,37.538175,-77.520377
1679,FOREST HILL/CHEROKEE,37.537928,-77.523873
1681,FOREST HILL/SHEILA,37.537318,-77.531062
1682,FOREST HILL/GRANTWOOD,37.536045,-77.536088
1684,FOREST HILL/THOMPSON SCHOOL,37.533817,-77.540237
1692,HUGUENOT/SHOREHAM,37.533133,-77.585887
1693,HUGUENOT ROAD/MONTEITH,37.533593,-77.589797
1699,FOREST HILL WAL MART,37.533705,-77.532195
1707,FOREST HILL/CHIPPENHAM VILLAGE,37.536248,-77.535287
1722,FOREST HILL/PINEWAY,37.530817,-77.505007
1723,FOREST HILL/FAIRLEE,37.53268,-77.506922
1724,FOREST HILL/WILLOW OAKS,37.530899,-77.505614
1725,FOREST HILL/BLILEY,37.529557,-77.503043
1745,8TH/BYRD,37.536068,-77.439077
1750,WOODHAVEN/HULL,37.494942,-77.482698
1752,HULL/ELKHAT SCHOOL,37.480867,-77.508242
1752,HULL/ELKHARDT SCHOOL,37.480867,-77.508242
1753,MARSHALL/3RD,37.544935,-77.438568
1758,NINE MILE/MEADOWSPRING,37.54224,-77.372295
1760,LABURNUM/COLWYCK,37.542438,-77.369064
1761,LABURNUM/GLENSPRINGS,37.539843,-77.367312
1762,LABURNUM/THORNHURST,37.53701,-77.365486
1763,LABURNUM/GAY,37.529359,-77.358728
1767,WILLIAMSBURG/ROBINS,37.517063,-77.348708
1768,WILLIAMSBURG/OAKLEYS LA,37.517663,-77.343208
1769,WILLIAMSBURG/LEWIS,37.51795,-77.339703
1770,WILLIAMSBURG/SANBORN,37.518705,-77.336103
1773,WILLIAMSBURG/CARTER,37.523289,-77.319343
1774,WILLIAMSBURG/CONFEDERATE,37.52335,-77.315962
1775,WILLIAMSBURG/NAGLEE,37.522787,-77.31281
1778,West/Williamsburg,37.521187,-77.303035
1779,NINE MILE/DAKAR,37.524542,-77.303862
1783,NINE MILE/ACROSS FROM E CEDAR FORK,37.548044,-77.358637
1785,NINE MILE/PLEASANTS,37.550028,-77.353683
1786,NINE MILE/AINSWORTH,37.551082,-77.351117
1787,NINE MILE/TAFT,37.551466,-77.347863
1788,NINE MILE/LOWELL,37.551148,-77.346618
1789,NINE MILE/NEWBRIDGE,37.550902,-77.342268
1790,NINE MILE/LAKE,37.550697,-77.337486
1791,NINE MILE/LEE,37.550706,-77.333862
1792,NINE MILE/BEECH,37.548935,-77.330751
1793,NINE MILE/ELM,37.547568,-77.3293
1794,NINE MILE/HOLLY,37.545451,-77.327199
1795,NINE MILE/KALMIA,37.544427,-77.326187
1797,NINE MILE/TECH,37.539214,-77.321112
1798,NINE MILE/AIRPORT,37.536996,-77.319347
1799,NINE MILE/BANKS,37.53287,-77.316307
1800,NINE MILE/LUMBER,37.529835,-77.312468
1802,25TH/Q,37.537467,-77.413142
1803,25TH/R,37.539237,-77.411468
1804,NINE MILE/27TH,37.540842,-77.407343
1805,NINE MILE/29TH,37.541327,-77.403942
1806,NINE MILE/31ST,37.541638,-77.401732
1807,NINE MILE/BUNCHE PL,37.543425,-77.396233
1808,NINE MILE/GORDON LANE,37.543397,-77.388618
1809,EASTERN HENRICO GOVERNMENT CENTER,37.542303,-77.382658
1810,NINE MILE/MASONIC,37.540592,-77.378065
1811,NINE MILE/MARLIN,37.541112,-77.374353
1812,NINE MILE/WATSON,37.543552,-77.370991
1813,NINE MILE/E RICHMOND,37.54133,-77.374322
1814,NINE MILE/MASONIC,37.540785,-77.378797
1816,NINE MILE/ECHO,37.542638,-77.385822
1817,NINE MILE/GORDON LANE,37.543893,-77.38958
1818,NINE MILE/BUNCHE PLACE,37.54344,-77.396575
1820,NINE MILE/27TH,37.541028,-77.406738
1821,25TH/R,37.539355,-77.411547
1822,25TH/VENABLE,37.537601,-77.413202
1824,NINE MILE/GARLAND,37.526413,-77.307947
1825,NINE MILE/NAGLEE,37.527431,-77.310121
1826,NINE MILE/HANOVER,37.530772,-77.31331
1827,NINE MILE/HART,37.533099,-77.316357
1828,NINE MILE/AIRPORT,37.537846,-77.319715
1829,NINE MILE/QUINCE,37.540472,-77.321893
1830,NINE MILE/KALMIA,37.544465,-77.325987
1831,NINE MILE/HOLLY,37.546388,-77.327942
1832,NINE MILE/ELM,37.547752,-77.329285
1833,NINE MILE/BEECH,37.549065,-77.330665
1834,NINE MILE/LEE,37.550648,-77.333402
1835,NINE MILE/A P HILL,37.550918,-77.337327
1836,NINE MILE/BARKER,37.551093,-77.3422
1837,NINE MILE/VIRGINIA,37.55113,-77.346072
1838,NINE MILE/WESTOVER,37.551746,-77.348574
1839,NINE MILE/AINSWORTH LA,37.551141,-77.351368
1842,NINE MILE/EAST CEDAR FORK ROAD,37.548418,-77.358197
1845,NINE MILE RD/KENWAY,37.54586,-77.366367
1846,NINE MILE/NAGLEE,37.52724,-77.309948
1847,NILE MILE/GARLAND,37.526039,-77.307328
1848,NINE MILE/MONTEREY,37.524825,-77.304649
1849,WEST/WILLIAMSBURG,37.520902,-77.304236
1852,WILLIAMSBURG/NAGLEE,37.52273,-77.312213
1854,WILLIAMSBURG/PICKETT,37.523522,-77.317851
1856,WILLIAMSBURG/EASTCOAST ATION,37.520098,-77.331447
1857,WILLIAMSBURG/SANBORN PKWY,37.518996,-77.33566
1858,WILLIAMSBURG/AIRPORT SQUARE,37.518119,-77.340318
1859,WILLIAMSBURG/LEA LANE,37.517818,-77.343645
1860,WILLIAMSBURG/ALLENSHAW,37.517305,-77.349082
1861,LABURNUM/FINLEY,37.520667,-77.351278
1865,LABURNUM/GLENSPRINGS,37.54007,-77.367153
1866,LABURNUM/COLWYCK,37.541748,-77.368245
1871,FOREST HILL/LEICESTER,37.526167,-77.497779
1873,FOREST HILL/RETIG,37.535847,-77.512128
1878,FOREST HILL/LEICESTER,37.526417,-77.4983
1879,FOREST HILL/JAHNKE,37.522428,-77.491068
1881,STONEY POINT/STONY POINT LEARNING CENTER,37.539872,-77.563897
1889,BELVIDERE/IDLEWOOD,37.541462,-77.449345
1890,BELVIDERE/SPRING,37.538823,-77.4494
1891,BELVIDERE/HOLLY,37.536702,-77.4494
1892,20TH/STONEWALL,37.523821,-77.454627
1897,SEMMES/27TH,37.51928,-77.461107
1899,SEMMES/31ST,37.517477,-77.465668
1901,SEMMES/34TH,37.516137,-77.469085
1904,FOREST HILL/ROANOKE,37.51653,-77.474537
1905,FOREST HILL/41ST,37.517818,-77.47735
1907,FOREST HILL/44TH,37.519678,-77.481475
1910,FOREST HILL/WESTOVER HILLS BOULEVARD,37.520973,-77.487865
1911,Forest Hill at Dialysis Center,37.521388,-77.489203
1914,SEMMES/34TH,37.515872,-77.469372
1916,SEMMES/30TH,37.51773,-77.464675
1923,20TH/STONEWALL,37.523993,-77.454533
1925,BELVIDERE/VA WAR MEMORIAL,37.536637,-77.449035
1926,BELVIDERE/SPRING,37.539465,-77.449042
1927,BELVIDERE/BYRD,37.541692,-77.448947
1928,2ND/CANAL,37.54048,-77.443892
1932,JAHNKE/CLARENCE,37.520445,-77.49408
1935,JAHNKE/IRBY,37.518795,-77.49973
1936,JAHNKE/5550,37.518665,-77.502495
1937,JAHNKE/OAKHURST LANE,37.519447,-77.504768
1938,JAHNKE/SPRUANCE,37.519706,-77.506527
1939,JAHNKE/NEWELL,37.520393,-77.509887
1945,JAHNKE/ENTRANCE TO SHOPPING CENTER,37.520417,-77.513917
1946,JAHNKE/GERMAN SCHOOL,37.51971,-77.515703
1947,JAHNKE/ST JOHNS WOOD,37.518522,-77.518557
1948,JAHNKE/WESTOVER GARDENS BOULEVARD,37.517357,-77.520448
1949,JAHNKE/MARLOWE,37.516264,-77.522811
1950,CJW MEDICAL CENTER MAIN ENTRANCE,37.51487,-77.527077
1951,CHIPPENHAM HOSPITAL PARKING LOT,37.512542,-77.526433
1953,HIOAKS/CARNATION,37.509367,-77.525073
1954,CARNATION AT BEAUFONT OAKS,37.50825,-77.521037
1955,CARNATION/NEWPORT MANOR,37.506982,-77.518723
1956,CARNATION/ATMORE,37.504975,-77.518065
1957,CARNATION/MIDLOTHAIN PIKE,37.503212,-77.517563
1959,CARNATION/WARWICK,37.505087,-77.517913
1961,CARNATION AT BEAUFONT OAKS,37.508393,-77.521163
1962,HIOAKS/CARNATION,37.509625,-77.525105
1962,HIOAKS/CARNATION,37.50962391,-77.52509421
1962,HIOAKS/CARNATION,37.50962366,-77.52509172
1962,HIOAKS/CARNATION,37.50962361,-77.52509122
1962,HIOAKS/CARNATION,37.50962355,-77.52509062
1962,HIOAKS/CARNATION,37.50962366,-77.52509166
1962,HIOAKS/CARNATION,37.50962362,-77.5250913
1962,HIOAKS/CARNATION,37.50962355,-77.5250906
1962,HIOAKS/CARNATION,37.50962367,-77.52509175
1962,HIOAKS/CARNATION,37.50962191,-77.52507427
1962,HIOAKS/CARNATION,37.509608,-77.524936
1963,HIOAKS/CJW MEDICAL CENTER,37.513277,-77.524628
1963,HIOAKS/CJW MEDICAL CENTER,37.51327655,-77.52462353
1963,HIOAKS/CJW MEDICAL CENTER,37.51327645,-77.5246225
1963,HIOAKS/CJW MEDICAL CENTER,37.51327643,-77.52462229
1963,HIOAKS/CJW MEDICAL CENTER,37.5132764,-77.52462204
1963,HIOAKS/CJW MEDICAL CENTER,37.51327645,-77.52462247
1963,HIOAKS/CJW MEDICAL CENTER,37.51327643,-77.52462232
1963,HIOAKS/CJW MEDICAL CENTER,37.51327645,-77.52462251
1963,HIOAKS/CJW MEDICAL CENTER,37.51327573,-77.52461527
1963,HIOAKS/CJW MEDICAL CENTER,37.51327,-77.524558
1964,HIOAKS/MARLOWE,37.514842,-77.524447
1964,HIOAKS/MARLOWE,37.51484232,-77.52444374
1964,HIOAKS/MARLOWE,37.51484239,-77.52444299
1964,HIOAKS/MARLOWE,37.51484241,-77.52444284
1964,HIOAKS/MARLOWE,37.51484243,-77.52444266
1964,HIOAKS/MARLOWE,37.51484239,-77.52444297
1964,HIOAKS/MARLOWE,37.51484241,-77.52444286
1964,HIOAKS/MARLOWE,37.51484243,-77.52444265
1964,HIOAKS/MARLOWE,37.51484239,-77.524443
1964,HIOAKS/MARLOWE,37.51484291,-77.52443773
1964,HIOAKS/MARLOWE,37.514847,-77.524396
1967,JAHNKE/ST JOHN WOODS,37.518338,-77.518605
1968,JAHNKE/GERMAN SCHOOL,37.519312,-77.516253
1969,JAHNKE/SHOPPING CENTER,37.520305,-77.513773
1972,JAHNKE/SPRUANCE,37.519607,-77.506247
1973,JAHNKE/5743,37.519423,-77.505007
1974,JAHNKE/REDD SCHOOL,37.518557,-77.502432
1975,JAHNKE/IRBY,37.518611,-77.500119
1978,JAHNKE/CLARENCE,37.520548,-77.49377
1983,JEFFERSON DAVIS HWY/LUMPKIN,37.484785,-77.444735
1984,JEFFERSON DAVIS HWY/YORKTOWN,37.486947,-77.444973
1985,JEFFERSON DAVIS HWY/ATWELL,37.488907,-77.445172
1988,JEFFERSON DAVIS HWY/WEBBER,37.495756,-77.445899
1989,JEFFERSON DAVIS HWY/OAKLAND,37.496655,-77.445998
1990,JEFFERSON DAVIS HWY/MIMOSA,37.49865,-77.446228
1991,JEFFERSON DAVIS HWY/1500,37.499833,-77.446357
1992,JEFFERSON DAVIS/1319,37.501817,-77.44657
1993,JEFFERSON DAVIS HWY/HALIFAX,37.504252,-77.446865
1994,JEFFERSON DAVIS HWY/GORDON,37.505492,-77.447015
1995,JEFFERSON DAVIS HWY/FAIRFAX,37.506625,-77.447152
1996,JEFFERSON DAVIS HWY/DINWIDDIE,37.509013,-77.447422
1997,JEFFERSON DAVIS HWY/BOSTON,37.511007,-77.447635
1999,JEFFERSON DAVIS HWY/STOCKTON,37.515362,-77.44816
2000,COWARDIN/HULL,37.517572,-77.448367
2001,COWARDIN/BAINBRIDGE,37.519535,-77.449217
2002,COWARDIN/PERRY,37.521602,-77.450497
2003,SEMMES/14TH,37.524032,-77.449944
2005,SEMMES/12TH,37.52538,-77.447818
2006,SEMMES/10TH,37.526083,-77.446713
2007,9TH/BYRD,37.535882,-77.438687
2008,SEMMES/10TH,37.526032,-77.447198
2009,SEMMES/12TH,37.5254,-77.448048
2012,COWARDIN/WALL,37.520655,-77.450258
2013,COWARDIN/BAINBRIDGE,37.518668,-77.449027
2014,COWARDIN/HULL,37.517357,-77.448668
2015,JEFFERSON DAVIS HWY/STOCKTON,37.515737,-77.448455
2016,JEFFERSON DAVIS HWY/MAURY,37.513145,-77.448137
2017,JEFFERSON DAVIS HWY/BOSTON,37.510872,-77.447858
2018,JEFFERSON DAVIS HWY/DINWIDDIE,37.509143,-77.447715
2019,JEFFERSON DAVIS HWY/FAIRFAX,37.506203,-77.447369
2020,JEFFERSON DAVIS HWY/HOPKINS,37.503942,-77.447048
2021,JEFFERSON DAVIS HWY/BRIDGE,37.50151,-77.446802
2022,JEFFERSON DAVIS HWY/MIMOSA,37.498387,-77.44646
2023,JEFFERSON DAVIS HWY/WEBBER,37.49601,-77.446125
2024,JEFFERSON DAVIS HWY/WARWICK,37.492719,-77.445874
2025,JEFFERSON DAVIS HWY/BELLMEADE,37.491477,-77.445673
2026,JEFFERSON DAVIS HWY/ATWELL,37.489275,-77.44549
2027,JEFFERSON DAVIS HWY/YORKTOWN,37.486815,-77.445299
2028,JEFFERSON DAVIS HWY/LUMPKIN,37.484888,-77.445028
2029,JEFFERSON DAVIS HWY/TERMINAL,37.48308,-77.444838
2030,JEFFERSON DAVIS HWY/LOCKHAVEN BOULEVARD,37.482103,-77.444807
2031,JEFFERSON DAVIS HWY/SUMMER HILL,37.481133,-77.444647
2032,RUFFIN/JEFFERSON DAVIS HWY,37.479382,-77.443868
2033,RUFFIN/LYNHAVEN,37.479497,-77.441032
2034,RUFFIN/RUFFIN APTS,37.479568,-77.439068
2035,RUFFIN/DAVEE,37.47952,-77.436525
2036,RUFFIN/FRANK,37.479653,-77.433363
2037,RUFFIN/COMMERCE,37.479695,-77.43128
2038,COMMERCE/GATE K,37.475862,-77.430141
2040,COMMERCE/BELLS,37.466173,-77.428157
2041,COMMERCE/WAMSLEY BOULEVARD,37.464218,-77.427927
2042,MAXXIM MEDICAL,37.451817,-77.42644
2045,COMMERCE/BELLS,37.466748,-77.427887
2047,RUFFIN/COMMERCE,37.479815,-77.4312
2048,RUFFIN/FRANK,37.479758,-77.433378
2049,RUFFIN/DAVEE,37.479695,-77.436017
2050,RUFFIN/RUFFIN APTS,37.479615,-77.439203
2051,RUFFIN/LYNHAVEN,37.47956,-77.440547
2053,JEFFERSON DAVIS/FOOD LION,37.445737,-77.441643
2054,JEFFERSON DAVIS/COGBILL,37.4511,-77.441238
2056,JEFFERSON DAVIS HWY/WALMSLEY BOULEVARD,37.46136,-77.44247
2057,JEFFERSON DAVIS HWY/CALVERTON,37.46299,-77.442613
2058,JEFFERSON DAVIS HWY/DALE,37.466228,-77.442845
2060,JEFFERSON DAVIS HWY/SISCO,37.468772,-77.443177
2061,JEFFERSON DAVIS HWY/COURTLAND,37.470345,-77.443337
2063,JEFFERSON DAVIS HWY/ALEXANDER,37.475188,-77.443805
2064,JEFFERSON DAVIS HWY/LAMBERT,37.476683,-77.443932
2065,JEFFERSON DAVIS HWY/RUFFIN,37.479127,-77.444187
2068,JEFFERSON DAVIS HWY/LAMBERT,37.476485,-77.444202
2069,JEFFERSON DAVIS HWY/ALEXANDER,37.475395,-77.444098
2070,JEFFERSON DAVIS HWY/BELLS,37.472328,-77.443782
2072,JEFFERSON DAVIS HWY/SISCO,37.469045,-77.443447
2073,JEFFERSON DAVIS HWY/BUFORD,37.467488,-77.443288
2074,JEFFERSON DAVIS HWY/LANCELOT,37.466467,-77.443202
2075,JEFFERSON DAVIS HWY/DALE,37.464942,-77.443067
2077,JEFFERSON DAVIS HWY/WALMSLEY BOULEVARD,37.46047,-77.442582
2078,JEFFERSON DAVIS HWY/FALLING CREEK,37.454565,-77.441962
2083,LYNHAVEN/BELLMEADE,37.492077,-77.441738
2084,LYNHAVEN/WARWICK,37.493273,-77.441867
2085,LYNHAVEN/WRIGHT,37.494623,-77.442017
2086,ROYALL/KROUSE,37.495335,-77.44061
2087,ROYAL/THAXTON,37.495495,-77.43813
2088,GUNN/ROYALL,37.495892,-77.436413
2089,MINEFEE/GUNN,37.498157,-77.438298
2090,CHAMBERS/MINEFEE,37.500147,-77.437217
2091,CHAMBERS/BOWEN,37.500803,-77.4386
2094,LONE/HARWOOD,37.504352,-77.435413
2095,LONE/BRUCE,37.50608,-77.43554
2099,18TH/HALIFAX,37.508528,-77.44026
2101,18TH/FAIRFAX,37.510073,-77.441827
2102,18TH ST/DINWIDDIE,37.51162,-77.443343
2103,DINWIDDIE/17TH,37.512462,-77.442177
2106,16TH/MAURY,37.515347,-77.444083
2107,MAURY/15TH,37.515982,-77.443208
2110,COMMERCE/MAURY,37.5199,-77.43775
2116,COMMERCE/HULL,37.522518,-77.440762
2117,COMMERCE/STOCKTON,37.521252,-77.439473
2118,MAURY/9TH,37.519202,-77.438273
2120,MAURY/12TH,37.517663,-77.440667
2121,MAURY/15TH,37.516085,-77.443202
2122,16TH/MAURY,37.515085,-77.444028
2124,16TH/DINWIDDIE,37.512858,-77.441778
2125,DINWIDDIE/17TH,37.512402,-77.442335
2126,18TH/DINWIDDIE,37.511353,-77.443288
2127,18TH/FAIRFAX,37.510162,-77.442073
2131,18TH/JOPLIN,37.507058,-77.438933
2133,LONE/BRUCE,37.505738,-77.43564
2136,HARWOOD/21ST,37.503807,-77.438973
2137,CHAMBERS/BOWEN,37.500922,-77.439053
2140,MINEFEE/MIMOSA,37.498237,-77.43833
2142,ROYALL/THAXTON,37.495565,-77.43825
2143,ROYALL/KROUSE,37.495438,-77.440483
2145,LYNHAVEN/WRIGHT,37.494457,-77.442088
2146,LYNHAVEN/WARWICK,37.493492,-77.441985
2147,LYNHAVEN/AFTON,37.492117,-77.44185
2150,COMMONWEALTH 20,37.41816,-77.62877
2162,AZALEA/CRENSHAW AVENUE (NEAR PINE CAMP),37.602115,-77.44762
2164,DEPARTMENT FOR THE BLIND AND VISION IMPAIRED/RE,37.60194,-77.436103
2165,Azalea/Sandpiper,37.602507,-77.433389
2166,Azalea Avenue at Meadowood Church,37.60264,-77.430491
2168,PONY FARM DRIVE/KIRKLAND DRIVE (CLUBHOUSE),37.60556,-77.427545
2171,PONY FARM DRIVE/NEAR QUEENS THORPE COURT,37.609427,-77.425288
2175,GRAMMARCY CIRCLE/KIRKSTONE LANE,37.612788,-77.443972
2177,CHAMBERLAYNE/WILMER,37.605325,-77.450258
2178,CHAMBERLAYNE/BROOK HILL AZALEA SHOPPING CENTER,37.603894,-77.450631
2179,WILKINSON ROAD/PONY FARM DRIVE,37.607464,-77.424961
2180,WILKINSON ROAD/KIRKLAND DRIVE,37.605862,-77.425112
2181,WILKINSON/AZALEA,37.603832,-77.424907
2182,AZALEA/PONY FARM DRIVE,37.602905,-77.427243
2183,Azalea at Henrico High School,37.602792,-77.430557
2184,AZALEA/WOODROW,37.602425,-77.443377
2185,AZALEA/CRENSHAW,37.602345,-77.447222
2187,Azalea/Seminary,37.601741,-77.452458
2188,BROOK RD/AZALEA,37.600247,-77.454232
2202,PATTERSON/TRIANGLE SHOPPING CTR,37.592477,-77.533689
2205,PONY FARM DR/PERCHERON CT,37.60772,-77.427739
2206,WESTWOOD AVE/W BROAD ST,37.57371,-77.483081
2210,SAUNDERS AVE/LABURNMUM AVE,37.582355,-77.47135
2211,W LABURNUM AVE/ROSEDALE AVE,37.583848,-77.469045
2212,W LABURNUM AVE/HERMITAGE RD,37.584068,-77.462024
2213,W LABURNUM AVE/CHATHAM RD,37.584162,-77.458842
2215,W LABURNUM AVE/BROOK RD,37.584334,-77.451507
2216,W LABURNUM AVE/CHAMBERLAYNE AVE,37.584468,-77.447525
2217,W LABURNUM AVE/NOBLE AVE,37.584587,-77.443415
2218,W LABURNUM AVE/MONTROSE,37.584644,-77.440589
2221,E LABURNUM AVE/MEADOWBRIDGE,37.585457,-77.422323
2222,E LABURNUM AVE/LARRY ST,37.580494,-77.405614
2223,E LABURNUM AVE/AUSTIN AVE,37.57945,-77.402281
2224,E LABURNUM AVE/RONNIE AVE,37.57788,-77.397286
2225,E LABURNUM AVE/HARRIS,37.576965,-77.394928
2226,E LABURNUM AVE/BOLLING,37.57548,-77.391042
2227,E LABURNUM AVE/REYNOLDS RD,37.574586,-77.388776
2228,E LABURNUM AVE/MONTCLAIR AVE,37.573828,-77.386872
2229,E LABURNUM AVE/HARVIE RD,37.571976,-77.382757
2230,E LABURNUM AVE/HUNTER MILL DR,37.569456,-77.380595
2231,E LABURNUM AVE/WATTS LN,37.566073,-77.378438
2232,E Laburnum/Creighton,37.561095,-77.375699
2233,E LABURNUM AVE/WILKES LN,37.557547,-77.373425
2236,WILLIAMSBURG RD/FINLAY,37.517738,-77.351721
2237,WILLIAMSBURG RD/ASPEN SHADES PKWAY,37.518085,-77.356997
2238,WILLIAMSBURG RD/CLAYTON,37.518461,-77.36217
2239,MILLERS LANE/BEDFORD,37.519948,-77.365858
2240,MILLERS LANE/MILLERS GLEN LANE,37.52246,-77.365382
2242,E LABURNUM AVE/VAWTER AVE,37.5836,-77.409635
2243,E LABURNUM AVE/SEVEN GABLES (SEC A),37.546058,-77.37112
2244,LABURNUM AVE./KINGSRIDGE,37.551492,-77.371258
2245,E LABURNUM AVE/WILKES LN,37.557757,-77.373233
2246,E Laburnum/Creighton,37.562445,-77.375617
2247,E LABURNUM AVE/WATTS LN,37.565665,-77.377875
2248,E LABURNUM AVE/HUNTER MILL DR,37.569503,-77.380315
2249,E LABURNUM AVE/HARVIE RD,37.571981,-77.382341
2250,E LABURNUM AVE/MONTCLAIR AVE,37.574713,-77.388496
2251,E LABURNUM AVE/BOLLING,37.575651,-77.390848
2252,E LABURNUM AVE/HARRIS,37.577013,-77.394413
2253,E LABURNUM AVE/ADAMS RD,37.57811,-77.397298
2254,E LABURNUM AVE/AUSTIN AVE,37.579556,-77.401732
2255,E LABURNUM AVE/GENACRE AVE,37.580444,-77.40473
2257,E LABURNUM AVE/VAWTER AVE,37.583438,-77.409107
2258,E LABURNUM AVE/CAROLINA AVE,37.585338,-77.415282
2260,E Laburnum/Meadowbridge,37.585994,-77.423808
2261,E LABURNUM AVE/WADDY AVE,37.585714,-77.425884
2262,E LABURNUM AVE/DELMONT AVE,37.585542,-77.42958
2263,W LABURNUM AVE/MONTROSE,37.584849,-77.440471
2264,W LABURNUM AVE/NOBLE AVE,37.584762,-77.443263
2265,W LABURNUM AVE/CHAMBERLAYNE AVE,37.584655,-77.446952
2268,W LABURNUM AVE/MACARTHUR ST,37.584365,-77.458405
2269,W LABURNUM AVE/HERMITAGE RD,37.584245,-77.463315
2270,SAUNDERS AVE/LABURNMUM AVE,37.582049,-77.471728
2271,SAUNDERS AVE/SEDDON WAY,37.580864,-77.471727
2272,W LABURNUM AVE/ROSEDALE AVE,37.584098,-77.46887
2274,WESTWOOD/TOMLYNN,37.575785,-77.479459
2275,WESTWOOD AVE/BROAD ST,37.57367,-77.483583
2299,E LABURNUM AVE/CAROLINA AVE,37.58514,-77.415155
2416,COMMERCE/GATE K,37.475148,-77.430382
2435,COOL LANE/23RD,37.552138,-77.405395
2472,8TH/MAIN,37.538913,-77.437161
2473,CARY/6TH,37.538994,-77.44
2475,WHITE OAK VILLAGE/SAMS CLUB,37.527792,-77.352157
2476,WHITE OAK VILLAGE/OFFICE MAX,37.529778,-77.354478
2477,LABURNUM/THORNHURST,37.537889,-77.365702
2478,CHOCTAW/FOREST HILL,37.533642,-77.559843
2480,CHOCTAW/FOREST HILL,37.533697,-77.559613
2482,BROOK/LABURNUM,37.584809,-77.45109
2483,CHAMBERLAYNE/WESTMINSTER,37.594633,-77.448947
2495,CLARKSON/WARWICK,37.490003,-77.481682
2499,PARHAM/HUNGARY SPRING,37.629764,-77.52042
2500,COMMERCE/DUPONT,37.453965,-77.426488
2502,CHIPPENHAM SQUARE,37.498832,-77.53372
2504,7TH/GRACE,37.540937,-77.436398
2521,BROOK HILL RD/CRENSHAW RD,37.607357,-77.444187
2522,CRENSHAW RD/BROOK HILL RD,37.60688,-77.443837
2523,WALMSLEY/ANGUS,37.46465,-77.460335
2524,WALMSLEY/ANGUS,37.464658,-77.46024
2529,CARY/GRANBY,37.547494,-77.464959
2530,LABURNUM/SHERATON HOTEL,37.525036,-77.354123
2539,LABURNUM/JAN,37.527482,-77.356192
2551,OVERBROOK/LANGSTON,37.565318,-77.45145
2565,SOUTHWOOD PKWY/HULL,37.495733,-77.483232
2570,21ST/BROAD,37.534535,-77.42168
2572,25TH/PHAUP,37.550465,-77.40302
2575,HULL/9TH,37.522605,-77.441373
2578,JEFFERSON DAVIS HWY/1500,37.499882,-77.446683
2579,BROAD ROCK/FERGUSON,37.478638,-77.480473
2581,SEMMES/14TH,37.52406,-77.45044
2584,25TH/LEIGH,37.534128,-77.416513
2585,MEADOW/GRAYLAND,37.546492,-77.46725
2587,COWARDIN/SEMMES,37.522673,-77.451555
2588,PETERSBURG TRANSIT CENTER,37.226432,-77.405197
2589,Leigh/8th,37.54412,-77.432296
2592,LABURNUM/BEST BUY STATION,37.527617,-77.356687
2596,WILLOW LAWN/MARKEL,37.583688,-77.497703
2609,JAHNKE/FOREST HILL,37.522621,-77.491891
2611,WILLIAMSBURG/SSA,37.521422,-77.307477
2616,TRANSFER PLAZA BAY G,37.542757,-77.432003
2617,TRANSFER PLAZA BAY F,37.542653,-77.432123
2619,7TH/CLAY,37.543415,-77.434088
2626,TRANSFER PLAZA BAY D,37.54228,-77.432503
2628,TRANSFER PLAZA BAY I,37.542995,-77.431837
2632,TRANSFER PLAZA BAY H,37.542873,-77.431757
2635,Transfer Plaza Bay J,37.543394,-77.431354
2641,TRANSFER PLAZA BAY A,37.541776,-77.43279
2642,TRANSFER PLAZA BAY B,37.541913,-77.432685
2643,TRANSFER PLAZA BAY C,37.542079,-77.432548
2644,TRANSFER PLAZA BAY E,37.542387,-77.432306
2665,OLIVER HILL/HOSPITAL,37.549767,-77.423977
2667,FORD/SUSSEX,37.549965,-77.417667
2676,MIDLOTHIAN PIKE/GOODWILL,37.50387,-77.510593
2678,KING/#39;S DOMINION EMPLOYEE ENTRANCE,37.84196,-77.445983
2680,BROOK/WESTBROOK,37.597455,-77.453722
2682,BROOK/WESTMINSTER,37.59412,-77.453103
2684,5TH/GRACE,37.541945,-77.438505
2685,SPRING ROCK GREEN,37.502388,-77.528125
2694,2ND/LEIGH,37.547298,-77.437493
2695,NINE MILE/ORAMS LA,37.550131,-77.353856
2699,BROAD ROCK/SOUTHALL,37.470041,-77.481718
2700,FAIRFIELD WAY/ENTRANCE TO CITY JAIL,37.548092,-77.422791
2703,E LABURNUM AVE/DELMONT AVE,37.585432,-77.427204
2706,CENTURA COLLEGE PARKING LOT,37.498159,-77.542988
2708,WILLIAMSBURG/SSA,37.521808,-77.30867
2716,25TH/CEDAR,37.535797,-77.414726
2717,NINE MILE/ECHO,37.542488,-77.385945
2718,WILLIAMSBURG/AIRPORT,37.520647,-77.329372
2724,CHAMBERLAYNE/PRICE,37.549776,-77.44042
2729,E Laburnum/Kingsridge,37.551455,-77.371556
2731,AZALEA/ELIZABETH,37.602305,-77.442215
2732,BELT BOULEVARD/LORDLEY LN,37.50525,-77.479138
2734,CHAMBERLAYNE/CALHOUN,37.55329,-77.441142
2735,CHAMBERLAYNE/CHARITY,37.552478,-77.440994
2737,BROOK/WALMART NHOOD MKT,37.603674,-77.454592
2746,ELLWOOD/NANSEMOND,37.55676,-77.486975
2749,RICHMOND WAY AT UR STUDENT COMMONS,37.576327,-77.538902
2751,RICHMOND WAY/BRUNET HALL,37.579875,-77.536978
2752,1ST/FEDERAL,37.551903,-77.434562
2753,NORTH/NORWOOD,37.567043,-77.433037
2754,LABURNUM/ALMA,37.58496,-77.436657
2755,MOSS SIDE/AKRON,37.589478,-77.439705
2757,MOSS SIDE/LINCOLN,37.590888,-77.438997
2758,NORTH/LADIES MILE,37.577781,-77.43285
2787,WALMSLEY/OLD HOPKINS,37.468068,-77.467155
2790,JEFFERSON DAVIS HWY/SUMMER HILL,37.480912,-77.444345
2791,JEFFERSON DAVIS HWY/BELLMEADE,37.491003,-77.445395
2792,JEFFERSON DAVIS HWY/TERMINAL,37.482402,-77.44452
2793,JEFFERSON DAVIS HWY/MAURY,37.51262,-77.4478
2796,JEFFERSON DAVIS HWY/4631 FALLING CREEK,37.454585,-77.44166
2797,JEFFERSON DAVIS HWY/BELLS,37.473882,-77.443678
2802,JEFFERSON DAVIS HWY/RUFFIN,37.478745,-77.444377
2803,JEFFERSON DAVIS HWY/COLES,37.47106,-77.44363
2804,JEFFERSON DAVIS HWY/CALVERTON,37.462891,-77.442869
2805,JEFFERSON DAVIS HWY/GOOLSBY,37.452142,-77.441738
2806,JEFFERSON DAVIS HWY/COGBILL,37.44936,-77.44131
2807,HARWOOD/BOWEN,37.503792,-77.438647
2808,AZALEA/SANPIPER,37.602643,-77.433155
2809,CHAMBERLAYNE/ACROSS FROM BROOKHILL AZALA,37.604301,-77.450207
2813,MECHANICSVILLE PIKE/LITTLEPAGE,37.5438,-77.417341
2819,SOUTHWOOD/TIFTON,37.494929,-77.482412
2821,SOUTHWOOD/TREEHAVEN,37.494038,-77.481764
2823,MEADOWBRIDGE/2ND,37.570502,-77.418369
2828,HULL/SILVERWOOD,37.485913,-77.49783
2829,HULL/PINEBROOK APTS,37.490098,-77.492378
2840,HULL/WARWICK,37.491643,-77.49017
2841,HULL/PINEBROOK APTS,37.49015,-77.492482
2842,HULL/ROBERSON,37.484253,-77.50093
2854,WARWICK/HULL,37.491938,-77.487642
2860,MIDLOTHIAN PIKE/29TH,37.512645,-77.46113
2861,MIDLOTHIAN PIKE/WEST BLAKE LANE,37.51185,-77.465875
2862,MIDLOTHIAN PIKE/DUNDEE,37.511314,-77.46912
2863,MIDLOTHIAN PIKE/COVINGTON,37.508003,-77.49222
2864,WARWICK VILLAGE/BIGGS,37.500037,-77.500262
2865,WARWICK VILLAGE/WARWICK ROAD,37.497431,-77.500412
2866,GERMAN SCHOOL/SHALLOW PARKWAY,37.499153,-77.506048
2867,GERMAN SCHOOL/201,37.502678,-77.504062
2868,MIDLOTHIAN PIKE/WARWICK,37.503422,-77.51475
2878,WAMSLEY BOULEVARD/HOPKINS,37.469722,-77.47031
2879,BROAD ROCK/3309,37.47255,-77.482365
2880,BROAD ROCK/JERVIE,37.476198,-77.481197
2881,BROAD ROCK/WARWICK,37.481983,-77.479107
2882,BROAD ROCK/S KINSLEY,37.49071,-77.471835
2883,PLAZA/BELT BOULEVARD,37.503387,-77.47588
2884,HULL/33RD,37.50623,-77.467008
2885,HULL/E BLAKE,37.507974,-77.46428
2886,HULL/28TH,37.512043,-77.457975
2887,HULL/25TH,37.514107,-77.454748
2888,HULL/21ST,37.516292,-77.451307
2896,BROAD ROCK/SNEAD,37.474772,-77.481952
2897,FOREST HILL/LAKE VILLAGE,37.538882,-77.567545
2898,FOREST HILL/LANGDON,37.528205,-77.500933
2899,FOREST HILL/HUGUENOT SCHOOL,37.531788,-77.545742
2900,FOREST HILL/THOMPSON SCHOOL,37.533704,-77.540154
2901,FOREST HILL/DORCHESTER,37.524307,-77.494485
2902,FOREST HILL/PRINCE ARTHUR,37.522757,-77.491338
2903,FOREST HILL/DORCHESTER,37.524628,-77.494835
2904,FOREST HILL/LANGDON,37.52832,-77.500875
2905,Forest Hill/Melbourne,37.537818,-77.51853
2906,Forest Hill/Joe Brooks,37.53777,-77.526444
2907,FOREST HILL/KENMORE,37.535029,-77.537963
2908,FOREST HILL/LANSDALE,37.53197,-77.546237
2909,FOREST HILL/MCRAE,37.535107,-77.563015
2910,MIDLOTHIAN/ARCADIA,37.502508,-77.519892
2911,CARNATION/NEWPORT MANOR,37.507592,-77.519022
2912,JAHNKE/MARLOWE,37.516271,-77.522127
2913,JAHNKE/NEWELL,37.520305,-77.510197
2914,JAHNKE/BYSWICK LANE,37.518942,-77.49795
2915,JAHNKE/BOROUGHBRIDGE,37.519474,-77.495842
2916,BRUCE/18TH ST,37.506176,-77.437294
2917,18TH/JOPLIN,37.506968,-77.438699
2918,16TH/DINWIDDIE,37.513185,-77.441873
2919,MAURY/12TH,37.517925,-77.440237
2920,COMMERCE/DECATUR,37.522002,-77.439808
2922,18TH/HALIFAX,37.5086,-77.440452
2923,LONE/HARWOOD,37.503998,-77.435778
2924,CHAMBERS/MINEFEE,37.500057,-77.43709
2925,ROYALL/GUNN,37.495598,-77.43705
2929,BELT BOULEVARD/BERKELEY,37.505961,-77.481283
2930,HOLLY SPRING/CAULDER,37.503378,-77.461138
2931,HOLLY SPRING/HOPKINS,37.500333,-77.458015
2932,HOPKINS/MCGUIRE,37.49669,-77.46078
2933,HOPKINS/VETERANS,37.494982,-77.462258
2934,HOPKINS/COFER,37.49204,-77.463587
2935,HOPKINS/SHAW,37.488461,-77.465156
2942,CRUTCHFIELD AT GEORGE WYTH HIGH SCHOOL TRACK,37.51157,-77.478973
2954,MIDLOTHIAN PIKE/OVERLAND TRANPORTATION,37.505006,-77.506132
2957,LABURNUM/AUDUBON (FS),37.524447,-77.353063
2958,MCGUIRE HOSPITAL SHELTER,37.497752,-77.469618
2959,MCGUIRE HOSPITAL EXIT/BROAD ROCK,37.494043,-77.469935
2960,LABURNUM/LABURNUM SQUARE,37.52033,-77.351425
2963,CARNATION/MIDLOTHIAN PIKE,37.50328,-77.51737
2964,KROGER STONEBRIDGE,37.49842,-77.52682
2965,8TH/GRACE,37.540293,-77.435842
2967,MIDLOTHIAN PIKE/WARWICK,37.50326,-77.51435
2968,GAY AVE/DODDS CREEK,37.526805,-77.361212
2969,HULL/12TH,37.521063,-77.444045
2971,OLDFIELD/WESTGATE,37.53991,-77.5768
2972,PLAZA/SOUTHSIDE COMMUNITY SERVICE CENTER,37.50223,-77.47545
2974,WESTOVER HILLS BOULEVARD/BASSETT,37.51505,-77.48877
2975,SEMMES/26TH,37.51959,-77.46003
2976,WESTWOOD AVE/TOMLYNN ST,37.575072,-77.480923
2980,GATEWAY ROAD/CAMPUS DRIVE,37.579334,-77.53449
2981,BROOKLAND PARK BOULEVARD/HANES,37.571542,-77.435242
2982,JENNIESHER/ACCOMAC,37.522015,-77.399865
2983,HULL/DERWENT,37.482355,-77.504327
3012,ROCKETTS LANDING BRT STATION,37.517703,-77.414765
3012,ROCKETTS LANDING STATION,37.517703,-77.414765
3013,EAST RIVERFRONT WESTBOUND STATION,37.521763,-77.416347
3013,WB EAST RIVERFRONT BRT STATION,37.521763,-77.416347
3014,SHOCKOE BOTTOM WESTBOUND STATION,37.529548,-77.421998
3014,WB SHOCKOE BOTTOM BRT STATION,37.529548,-77.421998
3017,GOVERNMENT CENTER WESTBOUND STATION,37.540598,-77.433323
3017,WB GOVERNMENT CENTER BRT STATION,37.540598,-77.433323
3021,ALLISON ST WESTBOUND STATION,37.558318,-77.463117
3021,WB ALLISON ST BRT STATION,37.558318,-77.463117
3022,SCIENCE MUSEUM WESTBOUND STATION,37.560948,-77.467503
3022,WB SCIENCE MUSEUM BRT STATION,37.560948,-77.467503
3023,SCOTTS ADDITION WESTBOUND STATION,37.56462,-77.473083
3023,WB SCOTT/#39;S ADDITION BRT STATION,37.56462,-77.473083
3025,WILLOW LAWN BRT STATION,37.58458,-77.49725
3025,WILLOW LAWN STATION,37.58458,-77.49725
3027,SCOTTS ADDITION EASTBOUND  STATION,37.565318,-77.473893
3027,EB SCOTT'S ADDITION BRT STATION,37.565318,-77.473893
3028,SCIENCE MUSEUM EASTBOUND STATION,37.56133,-77.468172
3028,EB SCIENCE MUSEUM BRT STATION,37.56133,-77.468172
3029,ALLISON ST EASTBOUND STATION,37.557555,-77.46183
3029,EB ALLISON ST BRT STATION,37.557555,-77.46183
3030,VCU VUU EASTBOUND STATION,37.550703,-77.450322
3030,EB VCU/VUU BRT STATION,37.550703,-77.450322
3031,ARTS DISTRICT EASTBOUND STATION,37.54584,-77.442247
3031,EB ARTS DISTRICT BRT STATION,37.54584,-77.442247
3035,MAIN STREET STATION EASTBOUND STATION,37.533717,-77.429007
3035,EB MAIN STREET STATION BRT STATION,37.533717,-77.429007
3036,SHOCKOE BOTTOM EASTBOUND STATION,37.529433,-77.42195
3036,EB SHOCKOE BOTTOM BRT STATION,37.529433,-77.42195
3037,EAST RIVERFRONT EASTBOUND STATION,37.52166,-77.416387
3037,EB EAST RIVERFRONT BRT STATION,37.52166,-77.416387
3040,STAPLES  MILL EASTBOUND STATION,37.57956,-77.49111
3040,EB STAPLES MILL BRT STATION,37.57956,-77.49111
3042,MOSBY/FAIRMOUNT,37.543917,-77.417102
3044,MECHANICSVILLE PIKE/BRAUERS LANE,37.546755,-77.415752
3045,MECHANICSVILLE PIKE/FAIRFIELD,37.548648,-77.414533
3046,SAUNDERS AVE/SEDDON WAY,37.580943,-77.471493
3047,E LABURNUM/STEEPLE,37.545064,-77.370805
3048,FOREST/HENRICO DOCTORS HOSPITAL,37.605302,-77.539927
3049,NINE MILE/CEDAR FORK,37.546162,-77.364546
3055,BROAD/12TH,37.539599,-77.431641
3056,MAIN/15TH,37.534847,-77.430643
3057,BROAD/9TH,37.541063,-77.434492
3058,MAIN/15TH,37.534638,-77.430588
3071,BELT BOULEVARD/185 BELT BOULEVARD,37.506097,-77.481197
3072,BELT BOULEVARD/141 BELT BOULEVARD,37.506743,-77.483029
3073,WESTOVER HILLS BOULEVARD/CRUTCHFIELD,37.511135,-77.487492
3074,HULL/21ST,37.51624,-77.451647
3075,HULL/28TH,37.512057,-77.458227
3076,HULL/SWANSBORO LANE,37.509125,-77.462786
3077,HULL/BLAKE LANE,37.507942,-77.464856
3078,HULL/33RD,37.506793,-77.466433
3079,HULL/37TH,37.504952,-77.469287
3080,MIDLOTHIAN PIKE/ERICH,37.506295,-77.498988
3081,BROAD/WILLOW LAWN,37.584853,-77.49764
3082,BROAD/SHAFER,37.550628,-77.45048
3084,Broad/Adams,37.546367,-77.443014
3085,CONVENTION CENTER EASTBOUND STATION,37.543058,-77.43775
3085,EB CONVENTION CENTER BRT STATION,37.543058,-77.43775
3086,GOVERNMENT CENTER EASTBOUND STATION,37.540856,-77.434078
3086,EB GOVERNMENT CENTER BRT STATION,37.540856,-77.434078
3087,VCU MEDICAL CENTER EASTBOUND STATION,37.53901,-77.430938
3087,EB VCU MEDICAL CENTER BRT STATION,37.53901,-77.430938
3088,MAIN STREET STATION WESTBOUND STATION,37.53454,-77.43019
3088,WB MAIN STREET STATION BRT STATION,37.53454,-77.43019
3089,VCU MEDICAL CENTER WESTBOUND STATION,37.53955,-77.43155
3089,WB VCU MEDICAL CENTER BRT STATION,37.53955,-77.43155
3090,CONVENTION CENTER WESTBOUND STATION,37.54428,-77.439498
3090,WB CONVENTION CENTER BRT STATION,37.54428,-77.439498
3091,ARTS DISTRICT WESTBOUND STATION,37.546535,-77.443408
3091,WB ARTS DISTRICT BRT STATION,37.546535,-77.443408
3092,VCU VUU WESTBOUND STATION,37.551213,-77.451228
3092,WB VCU/VUU BRT STATION,37.551213,-77.451228
3093,STAPLES MILL WESTBOUND STATION,37.580578,-77.49203
3093,WB STAPLES MILL BRT STATION,37.580578,-77.49203
3101,HULL/15TH,37.518375,-77.448286
3104,14TH/FRANKLIN,37.5364,-77.43127
3105,BROAD/11TH,37.539237,-77.43153
3108,BROAD/ADAMS,37.545928,-77.442727
3109,2ND/MARSHALL,37.545703,-77.438983
3110,BROAD/BOULEVARD,37.56292,-77.47063
3112,SHEPPARD/BROAD,37.562713,-77.472283
3183,Hermitage/Westbrook,37.595362,-77.466423
3212,Nine Mile/Kenway,37.545469,-77.366715
3217,Overbrook/Brook,37.565392,-77.448994
3221,"Commerce Road at Gate ""K""",37.473641,-77.429402
3236,Westover Hills/Reedy,37.516941,-77.488183
3241,Westwood/Loumour,37.57676,-77.476309
3244,BROAD/7TH,37.541538,-77.434838
3248,E. Belt Blvd./Chalfont,37.490481,-77.468741
3276,Corbin/Maggie Walker,37.591341,-77.440477
3337,Huguenot/Scarborough,37.53245,-77.581476
3338,Huguenot/Westgate,37.533348,-77.574119
3339,Chamberlayne/Bellevue,37.59127,-77.44831
3340,Chamberlayne/Westbrook,37.596929,-77.44928
3341,Chamberlayne/Watkins,37.59936,-77.449664
3342,Government/Rawlings,37.517977,-77.39704
3343,Government/Rawlings,37.51796,-77.39691
3344,Atlantic at Brook Run Apartments,37.614202,-77.459209
3345,Brook/Brook Run,37.609193,-77.457041
3346,Fareva Parking Lot West,37.486057,-77.363421
3347,Fareva Parking Lot East,37.485283,-77.360865
3351,Evansway Lane/Ragsdale,37.54043,-77.57291
3363,25TH/S,37.540077,-77.410861
3365,CHAMBERLAYNE/AZALEA,37.601405,-77.450078
3366,BROAD/DEEP RUN,37.612299,-77.520162
3367,Lombardy/Lakeview,37.541417,-77.463744
3368,Pennsylvania/Georgia,37.534191,-77.472007
3369,Creighton/Nine Mile,37.542493,-77.40017
3370,X/22nd,37.546607,-77.409284
3371,21st/Fairfield,37.54832,-77.408876
3372,21st/Phaup,37.550734,-77.40736
3373,23rd/Franklin,37.530838,-77.422331
3374,25th/Phaup,37.550157,-77.403423
3375,26th/McDonough,37.518944,-77.459431
3376,2nd/Brown's Island Way,37.53682,-77.447592
3377,2nd/Brown's Island Way,37.536041,-77.44819
3378,Broad/Bethlehem,37.613026,-77.520843
3379,Broad/Springfield,37.640102,-77.558528
3384,E Richmond/Oakwood,37.53448,-77.396552
3385,25th/S,37.540009,-77.410769
3386,Belt at Southside Plaza,37.503839,-77.475478
3397,Nine Mile/Cedar Fork,37.546339,-77.364573
3400,Broad/Hancock,37.551051,-77.450768
3407,Grove/Maple,37.573029,-77.519682
3408,Grove/Maple,37.572823,-77.52005
3409,Hermitage/Princeton,37.592759,-77.46492
3410,3rd/Leigh,37.547058,-77.436488
3411,4th/Franklin,37.542033,-77.439728
3412,Main/1st,37.542502,-77.443305
3413,Main/Allen,37.548355,-77.463237
3414,Main/Laurel,37.545877,-77.450052
3414,Main/Laurel,37.54587953,-77.4501442
3414,Main/Laurel,37.54587967,-77.45014911
3414,Main/Laurel,37.54587957,-77.45014565
3414,Main/Laurel,37.54587978,-77.4501532
3414,Main/Laurel,37.54587934,-77.45013722
3414,Main/Laurel,37.54587947,-77.45014174
3415,Main/Harrison,37.545971,-77.455191
3416,Main/Monroe,37.545098,-77.44766
3417,Main/Plum,37.547005,-77.459501
3418,Main/Stafford,37.55107,-77.470644
3419,Overbrook/1405,37.565533,-77.454678
3420,Overbrook/Hermitage,37.565427,-77.458554
3421,Overbrook/Hermitage,37.565543,-77.458532
3422,Staples Mill/Augusta,37.578705,-77.496282
3423,Staples Mill/Radford,37.580514,-77.494488
3424,Venable/22nd,37.538243,-77.418042
3425,Venable/22nd,37.538367,-77.417721
3426,Westbrook/Stratford,37.596566,-77.457262
3427,Westbrook/Stratford,37.596634,-77.457621
3428,9th/Marshall (Mid-block between Marshall +Broad,37.541163,-77.433362
3429,WESTOVER HILLS/CRUTCHFIELD,37.511572,-77.488207
3430,Southwood at 4606,37.493786,-77.481021
3431,Belt Blvd. At Hickory Hills Rec. Ctr.,37.479931,-77.461261
3432,Overbrook/1400 Overbrook,37.565403,-77.454832
3433,Westover Hills and Chateau de Ville,37.513755,-77.489391
3434,Broad Rock Blvd. at McGuire St.,37.501509,-77.468578
3435,2nd/Franklin,37.542709,-77.441793
3436,2nd/Spring,37.538013,-77.446367
3437,2nd/Spring,37.537934,-77.446141
3438,2nd/Broad,37.544792,-77.439822
3439,31st/O,37.533376,-77.408322
3440,31st/O,37.533692,-77.408247
3441,31st/R,37.53586,-77.405885
3442,31st/R,37.536145,-77.405898
3443,31st/U,37.538435,-77.403462
3444,31st/U,37.538636,-77.403671
3445,3rd/Canal,37.539835,-77.44331
3446,3rd/Franklin,37.542176,-77.441078
3447,3rd/Dill,37.569408,-77.417007
3448,3rd/Marshall,37.545002,-77.438428
3449,Bainbridge/13th,37.521345,-77.445674
3450,Bainbridge/29th,37.51456,-77.461051
3451,Bainbridge/29th,37.514681,-77.460985
3452,Bainbridge/Clopton,37.515964,-77.457366
3453,Bainbridge/12th,37.52189,-77.444652
3454,Bells/Belt,37.472466,-77.454584
3455,Bells/Jeff Davis,37.473148,-77.443399
3456,Bells/Phillip Morris Gate F,37.469738,-77.434969
3457,Bells/Phillip Morris Gate H,37.472631,-77.437955
3458,Bells/Castlewood,37.472796,-77.447568
3459,Belt/Twyman,37.476436,-77.456955
3460,Belvidere/Cary,37.544555,-77.449199
3461,Belvidere/Cary,37.544237,-77.448839
3462,Belvidere/Franklin,37.546854,-77.448658
3463,Belvidere/Franklin,37.546971,-77.44895
3465,Broad/50th,37.584825,-77.497087
3466,Broad Rock/33rd,37.504999,-77.464005
3467,Broad Rock/36th,37.503,-77.466126
3468,Brookland Park/Richmond Henrico Turnpike,37.571276,-77.427239
3469,Brookland Park/Richmond Henrico Turnpike,37.571152,-77.427417
3470,Carter/Dakota,37.535583,-77.469537
3471,Carter/Dakota,37.535864,-77.46979
3472,Cary/Addison,37.549457,-77.470417
3473,Cary/Robinson,37.550647,-77.473743
3474,Chapel Dr at McGuire Park Cir,37.500684,-77.46644
3475,Clay at Altamont  before apartment entrance,37.565494,-77.470436
3476,Clopton/Hargrove,37.517407,-77.458289
3477,Cofer/Gross,37.492422,-77.461348
3478,Cofer/Gross,37.492288,-77.461339
3479,Cofer/Yale,37.492762,-77.457878
3480,Cofer/Yale,37.492678,-77.457459
3481,Colorado/Maymont Village Apts,37.537354,-77.468179
3482,COOL/23RD,37.55196,-77.405457
3483,Creighton/Walcott,37.545505,-77.397931
3484,Creighton at Community Center,37.544616,-77.398774
3485,Crutchfield/Norcroft,37.51104,-77.483213
3486,Crutchfield/Roanoke,37.512057,-77.475314
3487,Crutchfield at GWHS Track,37.511447,-77.478859
3488,Davis/Broad,37.559874,-77.466352
3488,DMV Drive/Leigh,37.561153,-77.463758
3489,FAIRMOUNT/24TH,37.540723,-77.411636
3490,FAIRMOUNT/24TH,37.540775,-77.411433
3491,Freeman/French,37.548242,-77.48851
3492,Freeman/Maplewood,37.550982,-77.487558
3493,Harwood/Keswick,37.503589,-77.441852
3494,Harwood/Overlook,37.503507,-77.441852
3495,Hermitage/Rhoadmiller,37.566688,-77.46074
3496,Hermitage/Rhoadmiller,37.566796,-77.460483
3497,Hermitage/Sherwood,37.571302,-77.460964
3498,Hermitage/Sherwood,37.570402,-77.460637
3499,Belt at Hickory Hill Community Center,37.48008,-77.460784
3500,Holly Spring/Caulder,37.503453,-77.461017
3501,Hopkins/McGuire,37.49685,-77.460329
3502,Idlewood at McCloy,37.551356,-77.483234
3503,Kane/Fairfield,37.548442,-77.398804
3504,Kane/Fairfield,37.548544,-77.399158
3505,Libbie/Guthrie,37.577174,-77.516183
3506,Willow Lawn/Grace,37.579924,-77.500466
3507,Libbie/York,37.575178,-77.517859
3508,Libbie/York,37.575131,-77.517677
3509,Libbie/Guthrie,37.577291,-77.516437
3510,Lombardy/Winder,37.538281,-77.465796
3511,Lombardy/Winder,37.53954,-77.464737
3512,Lombardy/Broad,37.555706,-77.454767
3513,Main/Rowland,37.549663,-77.466966
3514,Main/5th,37.540357,-77.439737
3515,Main at East Riverfront,37.521957,-77.416686
3516,Maple/Bremo,37.583179,-77.515372
3517,Maplewood/McCloy,37.550056,-77.484848
3518,Marshall/Sheppard,37.564111,-77.470831
3519,Meadow/Idlewood,37.54604,-77.467854
3520,Midlothian/37th,37.510531,-77.473714
3521,North/Culpepper,37.580358,-77.433563
3522,North/Culpepper,37.580228,-77.433397
3523,Orleans/Main,37.517739,-77.413974
3524,Orleans/Main,37.517653,-77.413609
3525,DMV Drive/Broad,37.56004,-77.464627
3527,Prince Hall/E Broad Rock,37.502097,-77.466559
3528,Randolph/Winder,37.538166,-77.462397
3529,Rawlings/Government,37.518293,-77.396822
3530,Semmes/20th,37.522449,-77.453468
3531,Semmes/22nd,37.521345,-77.455424
3532,Sheppard/Grayland,37.55105,-77.479761
3533,Sheppard/Grayland,37.550821,-77.479694
3534,Sherwood at driveway,37.570054,-77.450914
3535,Sherwood at first entrance to PET Dairy,37.570231,-77.456434
3536,Sherwood/Hardy,37.570098,-77.457056
3537,Sherwood at Pfizer entrance,37.570188,-77.451015
3538,St. Mary's Hospital at Monument,37.583954,-77.513989
3539,U/28th,37.540266,-77.40598
3540,Venable/Pink,37.538382,-77.414376
3541,Venable/Pink,37.538235,-77.414627
3542,Warwick/Alberene,37.493928,-77.490169
3543,Warwick/Hodges,37.495515,-77.493727
3544,Warwick/Queen Anne,37.496505,-77.496474
3545,Warwick/Queen Anne,37.496382,-77.496939
3546,Warwick/Warwick Village,37.49708,-77.500226
3547,Westbrook/Hermitage,37.595547,-77.465979
3548,Westover Hills at Reedy,37.517334,-77.488422
3549,Willow Lawn/Baywood,37.577208,-77.50527
3550,Willow Lawn/Dunbar,37.576146,-77.508005
3551,Willow Lawn/Franklin,37.577098,-77.504679
3552,Willow Lawn/Wythe,37.578062,-77.502224
3553,Bells/Belt,37.472248,-77.454148
3554,3rd/Jackson,37.547593,-77.435706
3555,Belt at Circle Shopping Center,37.503228,-77.474487
3556,E Belt/Castlewood,37.472591,-77.4469
3557,E Belt/Chalfont,37.490329,-77.468919
3558,E Belt/Twyman,37.476921,-77.458009
3559,North/Brookland Park,37.571736,-77.432842
3560,Main at East Riverfront,37.52146,-77.416083
3561,Eastgate/Nine Mile,37.5452,-77.362742
3562,Colwyck/Laburnum,37.543107,-77.365639
3563,Midlothian at 7901,37.497955,-77.542388
3564,Bellemeade/Jefferson Davis,37.491504,-77.445339
3565,Bellemeade/Jefferson Davis,37.491203,-77.444765
3566,Quioccasin/Gayton,37.607098,-77.59302
3567,Quioccasin/Pemberton,37.607386,-77.577747
3568,Quioccasin/Regency Woods,37.607471,-77.585527
3569,Gayton Crossing at Stoneridge,37.605672,-77.590943
3570,Quioccasin/Farmington,37.607224,-77.585062
3571,Quioccasin/Shane,37.607252,-77.579413
3572,Quioccasin/Blue Jay,37.605771,-77.572944
3573,Quioccasin/Imperial,37.606147,-77.573406
3574,Starling/Quioccasin,37.605133,-77.568906
3575,Quioccasin/Starling,37.604645,-77.569782
3576,Eastridge/Three Chopt,37.602055,-77.561738
3577,Lewis at 5361,37.51447,-77.340551
3578,Lewis at 5300,37.514705,-77.340731
3579,Lewis/Huntsman,37.516807,-77.340731
3580,Lewis/Huntsman,37.516842,-77.34056
3581,Williamsburg/Cambrai,37.518495,-77.370676
3582,Williamsburg/Cambrai,37.518367,-77.370447
3583,Williamsburg/Charles City,37.518474,-77.378325
3584,Williamsburg/Charles City,37.518239,-77.377409
3585,Williamsburg/Kemp,37.517861,-77.386356
3586,Williamsburg/Kemp,37.517811,-77.386096
3587,Junction/S Washington Hwy (Route 1),37.75573,-77.470041
3588,Brookland Park Blvd. at Alpine,37.570435,-77.423268
3589,Brookland Park Boulevard/Chamberlayne,37.572031,-77.444663
3590,Brookland Park Boulevard/Chamberlayne,37.572261,-77.444926
3591,Brookland Park/Hanes,37.571712,-77.435417
3592,Brookland Park Boulevard/Lamb,37.571352,-77.430549
3593,Brookland Park Blvd./Lamb,37.571443,-77.430238
3594,Brookland Park Boulevard/Montrose,37.571827,-77.439932
3595,Brookland Park Boulevard/Montrose,37.57189,-77.439645
3596,Brookland Park Boulevard/Napoleon,37.570716,-77.42388
3597,Brookland Park Boulevard/North,37.571408,-77.432422
3598,Brookland Park Boulevard/Seminary,37.572186,-77.447242
3599,Brookland Park Boulevard/Seminary,37.572417,-77.447053
3600,Brookland Park Boulevard/Woodcliff,37.570061,-77.420213
3601,Brookland Park Boulevard/Woodcliff,37.570252,-77.420638
3602,Cary/Belvidere,37.543991,-77.448296
3603,Cary/Foushee,37.542268,-77.445437
3604,Cary/Freeman,37.554544,-77.484724
3605,Cary/Harrison,37.544486,-77.455505
3606,Cary/Laurel,37.544494,-77.451787
3607,Cary/Lombardy,37.546267,-77.461362
3608,Cary/McCloy,37.55365,-77.482218
3609,Cary/Nansemond,37.555349,-77.486931
3610,Cary/Randolph,37.545136,-77.458266
3611,Cary/Rowland,37.548527,-77.467836
3612,Westbrook and Crestwood,37.596339,-77.460739
3613,25th/BROAD,37.531707,-77.41863
3614,25th/BROAD,37.531801,-77.418747
3640,Forest Hill/Anwell,37.53229,-77.555284
3641,Broad/Springfield,37.641503,-77.562078
3642,Broad/Stillman,37.642687,-77.564978
3643,Broad/Deep Rock,37.645231,-77.571264
3644,Broad/Gaelic,37.646232,-77.577135
3645,Broad/Innsbrook,37.64652,-77.579399
3646,Broad/Dominion,37.647628,-77.58796
3647,Broad/Tom Leonard,37.649376,-77.600878
3648,Broad/John Rolfe,37.650517,-77.606485
3649,Broad/Pouncey Tract,37.651261,-77.610236
3650,Broad/Spring Oak,37.651921,-77.614251
3651,Broad/Lauderdale,37.653904,-77.621989
3652,Broad/Short Pump Towne Center- West Entrance,37.655897,-77.626493
3653,Broad/Towne Center West,37.657595,-77.630246
3654,Broad/Hayden,37.659973,-77.635684
3655,Broad/Cabela,37.660593,-77.638222
3656,Bon Secours Pkwy Lot/Robert Atack Way,37.662673,-77.643004
3657,Bon Secours Pkwy/Robert Atack Way,37.663725,-77.640336
3658,Aldi/Bon Secours Pkwy,37.662978,-77.644296
3659,Bon Secours Pkwy/Saunders Tavern Trail,37.662629,-77.644797
3660,Broad/Hayden,37.659086,-77.634544
3661,Broad/Gayton,37.658038,-77.632088
3662,Broad/Lauderdale,37.654354,-77.623906
3663,Broad/Spring Oak,37.651788,-77.614805
3664,Broad/Pump,37.650872,-77.610165
3665,Broad/Brownstone,37.649481,-77.603375
3666,Broad/Dominion,37.647093,-77.586127
3667,Broad/Cox,37.646545,-77.582343
3668,Broad/Gaelic,37.645971,-77.577801
3669,Broad/Deep Rock,37.645156,-77.572028
3670,Broad/Stillman,37.642885,-77.566263
3671,Libbie Lake South/Libbie Lake East,37.589155,-77.495281
3672,Libbie Lake South at Libbie Mill Library,37.589768,-77.49585
3673,Staples Mill/Libbie Mill East,37.591527,-77.493335
3674,Staples Mill/Libbie Mill East,37.591519,-77.492938
3675,Wistar/Staples Mill,37.62222,-77.503287
3676,Staples Mill/Wistar,37.622164,-77.502885
3677,Staples Mill/Heisler,37.627905,-77.505524
3678,Shrader/Enterprise,37.626006,-77.527076
3679,Shrader/Cardinal,37.623124,-77.522251
3680,Wistar/Wistar Village,37.622692,-77.512078
3683,Prince Henry at Administration Building,37.628948,-77.514299
3684,Prince Henry at Henrico Government Center,37.627593,-77.5169
3685,Shrader/Carousel,37.629373,-77.529576
3686,Shrader/Hungary Spring,37.624217,-77.524677
3687,Staples Mill/Amtrak Richmond Station,37.617704,-77.496972
3688,Warwick/Woodstock,37.495177,-77.49234
3689,Warwick/Felton,37.493553,-77.488961
3693,Harwood/Jeff Davis,37.503234,-77.446068
3694,Crutchfield/George Wythe parking lot,37.510755,-77.485874
3695,Crutchfield/Westover Hills,37.510927,-77.486457
3696,Maywill at Vital Records and Health Statistics,37.582015,-77.489616
3697,Staples Mill/W Marshall,37.583403,-77.492294
3699,Belmont/Ellwood,37.553816,-77.479787
3700,Hermitage/Clay,37.559124,-77.460044
3701,Midlothian/Giant  EB,37.505289,-77.50243
3702,Midlothian/Giant,37.505607,-77.502644
3703,Williamsburg/Creedmore,37.51555,-77.392312
3704,Williamsburg/Creedmore,37.515797,-77.39215
3705,Leigh/11th  EB,37.542511,-77.429163
3706,Leigh/11th,37.542768,-77.42905
3707,Dummy Stop - Randolph/Colorado,37.537434,-77.462976
100001,RB,37.560706,-77.467035
100003,21M,37.53392,-77.422439
100005,3CH,37.590809,-77.53123
100015,HAM,37.54591,-77.45541
100025,COR,37.546082,-77.419426
100028,9B,37.540857,-77.433843
100029,14BK,37.536211,-77.431284
100040,8MS,37.542187,-77.433931
100041,UR,37.580228,-77.534838
100049,WLA,37.583207,-77.498193
100060,MCL,37.53757,-77.47244
100073,2MS,37.545421,-77.439332
100074,NBK,37.571194,-77.432777
100076,MSA,37.589715,-77.43961
100078,1M,37.54583,-77.440471
100080,7M,37.539209,-77.438184
100082,HM,37.579981,-77.421343
100083,MBB,37.569858,-77.418104
100085,AG,37.520735,-77.401262
100086,HE,37.510409,-77.392048
100091,PLA,37.502249,-77.475377
100092,MHS,37.498797,-77.470198
100093,BADP,37.464431,-77.454528
100096,CS,37.480741,-77.511565
100097,CKW,37.489512,-77.482275
100099,COW,37.517925,-77.448805
100104,CH,37.514833,-77.524371
100104,CH,37.51483417,-77.52437308
100104,CH,37.51483413,-77.52437301
100104,CH,37.51483417,-77.5243731
100104,CH,37.51483419,-77.52437313
100104,CH,37.51483411,-77.52437297
100104,CH,37.51483414,-77.52437303
100104,CH,37.51483361,-77.52437209
100104,CH,37.51483426,-77.52437325
100104,CH,37.51483395,-77.5243727
100104,CH,37.51483405,-77.52437287
100104,CH,37.51483398,-77.52437276
100104,CH,37.51483398,-77.52437274
100104,CH,37.51483367,-77.52437219
100104,CH,37.51483396,-77.52437271
100104,CH,37.51483402,-77.52437282
100104,CH,37.51483406,-77.52437289
100104,CH,37.514847,-77.524396
100104,CH,37.51484389,-77.52439044
100104,CH,37.51484525,-77.52439288
100104,CH,37.51484233,-77.52438767
100105,FHJ,37.522588,-77.491435
100108,HS,37.532093,-77.544023
100109,WM,37.533807,-77.532202
100111,FLAM,37.445767,-77.441477
100117,CM,37.499958,-77.436936
100118,COH,37.522963,-77.440907
100121,AZ,37.60076,-77.454025
100125,BCH,37.572182,-77.445279
100126,2B,37.544621,-77.440098
100127,DBVI,37.602526,-77.436678
100128,TH,37.609393,-77.424908
100129,HNRH,37.602855,-77.429911
100130,RFLDP,37.612861,-77.444038
100140,HC,37.628422,-77.509614
100141,BHS,37.622196,-77.526529
100142,DSM,37.615431,-77.497773
100145,BG,37.609053,-77.518493
100146,GMAY,37.639129,-77.571968
100147,PEMB,37.641283,-77.562326
100150,PF,37.619767,-77.556728
100152,GLCL,37.614576,-77.501628
100155,DLM,37.485214,-77.364074
100156,AP,37.507056,-77.333407
100160,MH,37.498796,-77.470198
100162,OGD,37.535076,-77.591145
100163,FHH,37.53637,-77.565818
100164,8CR,37.53789,-77.438017
100172,MS-3,37.54495,-77.438521
100175,STMC,37.540522,-77.567121
100177,MAX,37.451703,-77.426551
100180,CM20,37.417928,-77.628985
100187,17B,37.53523,-77.426911
100190,NMDK,37.524319,-77.30373
100191,LNM,37.544199,-77.369998
100193,NMLM,37.530059,-77.312699
100195,LNA,37.584989,-77.435391
100196,GMLN,37.52663,-77.361499
100203,MLBD,37.52013,-77.365901
100215,WO,37.529786,-77.354451
100216,NLAB,37.584851,-77.440528
100217,BAZ,37.600262,-77.45426
100218,CH-SQ,37.498866,-77.533972
100224,BHCR,37.607249,-77.443951
100226,W-MEC,37.55432,-77.41258
100228,CHL,37.584631,-77.44731
100236,SPR-GR,37.50109,-77.527811
100238,MCA,37.537569,-77.47244
100239,FHWB,37.521029,-77.488321
100240,MN-10,37.53773,-77.435501
100241,ST-MA,37.58478,-77.512909
100243,KROGER,37.498,-77.526785
100252,BAY-G,37.542595,-77.43228
100253,BAY-H,37.542596,-77.43228
100254,BAY-C,37.542591,-77.43228
100255,BAY-D,37.542592,-77.43228
100256,BAY-A,37.54259,-77.43228
100258,BAY-I,37.54362,-77.431379
100260,BAY-F,37.542594,-77.43228
100262,BAY-E,37.542593,-77.43228
100263,BAY-B,37.541699,-77.433068
100264,PTCa,37.2265,-77.405304
100265,PTCd,37.226501,-77.405304
100267,OLV-HL,37.548189,-77.423969
100269,KD,37.841837,-77.446301
100270,7MS,37.542709,-77.434851
100271,CNTURA,37.49802,-77.54326
100276,CWBN,37.511286,-77.483353
100278,HS-H,37.50034,-77.457959
100280,BR-4,37.543559,-77.43843
100354,ATL,37.611602,-77.457238
100355,AZ SE,37.601622,-77.452628
100357,HO-M,37.515372,-77.524568
100357,HO-M,37.51533849,-77.52455702
100357,HO-M,37.51533075,-77.52455449
100357,HO-M,37.51532918,-77.52455397
100357,HO-M,37.51533082,-77.52455451
100357,HO-M,37.51527655,-77.52453673
100357,HO-M,37.515022,-77.52445333
100375,ARTDIS,37.545652,-77.441908
100376,BR-LOM,37.562782,-77.448108
100377,BRTORL,37.517692,-77.414088
100378,BRTWLA,37.584512,-77.496998
100383,CH-BP,37.572082,-77.445278
100384,GOVCTR,37.540922,-77.434018
100386,M-13,37.536269,-77.433121
100387,MAINST,37.533872,-77.429248
100388,SCIMUS,37.561272,-77.468148
100389,SHKBTM,37.529242,-77.421618
100390,20-SW,37.524042,-77.454678
100391,23-FR,37.531012,-77.422258
100392,26-SEM,37.602242,-77.569788
100393,28-U,37.540212,-77.406228
100394,29NM,37.541387,-77.403733
100395,3-DIL,37.569252,-77.417188
100396,3-MS,37.544892,-77.438488
100397,9C,37.537732,-77.436718
100398,ARM-HS,37.552362,-77.406538
100399,ASH-JU,37.755562,-77.471398
100400,BAY-J,37.543621,-77.431379
100401,BBB,37.499724,-77.47113
100402,BLL-JD,37.473092,-77.443628
100403,BLM-JD,37.491412,-77.445488
100404,BLT-PL,37.503822,-77.475348
100405,BP-NA,37.571492,-77.432718
100406,BR-11,37.539732,-77.432138
100407,BR-JV,37.475812,-77.481308
100408,BR-MAL,37.572902,-77.482928
100409,BR-PAR,37.632582,-77.540278
100410,BR-SN,37.474552,-77.481988
100434,CH-WL,37.605772,-77.449958
100435,CR-LAU,37.544492,-77.451598
100436,CR-NA,37.555252,-77.486558
100437,CR-ROB,37.550752,-77.473908
100438,C-SH,37.504232,-77.475978
100439,DMD,37.573319,-77.464311
100440,DV-BR,37.560012,-77.466048
100441,ENM,37.546882,-77.362968
100442,GAY-CR,37.505492,-77.47928
100443,G-MDL,37.505412,-77.502218
100444,GREY,37.571582,-77.465258
100445,GR-MAL,37.562092,-77.492428
100446,HR-LAB,37.584812,-77.462528
100447,JD-BEL,37.491222,-77.445468
100448,LAB-AU,37.523932,-77.352758
100449,LN-HAR,37.503942,-77.435428
100450,M-27,37.533992,-77.413658
100451,MAR-BY,37.584982,-77.500298
100452,MC-MPL,37.550032,-77.484688
100453,MN-LAU,37.54588,-77.451692
100453,MN-LAU,37.54588233,-77.45167487
100453,MN-LAU,37.54588246,-77.45167395
100453,MN-LAU,37.54588237,-77.4516746
100453,MN-LAU,37.54588256,-77.4516732
100453,MN-LAU,37.54588216,-77.45167616
100453,MN-LAU,37.54588227,-77.45167532
100454,MN-STA,37.550972,-77.470818
100455,MS-33,37.528052,-77.410728
100456,NM-27,37.540932,-77.407018
100457,NM-BP,37.543302,-77.396688
100458,NME,37.546992,-77.362628
100459,OAK-BX,37.534212,-77.398448
100460,ORL-M,37.517693,-77.414088
100461,PA-MAL,37.566212,-77.489728
100462,PRN-HA,37.502422,-77.466888
100463,Q-STAR,37.604462,-77.569068
100464,RL-GOV,37.517962,-77.396958
100465,RUF-JD,37.479362,-77.444248
100466,SEM-26,37.521462,-77.455468
100467,V-PK,37.538332,-77.414488
100468,WIL-CH,37.518362,-77.378768
100469,26-MCD,37.518712,-77.459378
100470,AMTRK,37.617612,-77.496978
100474,CLO-HA,37.517562,-77.458338
100475,DMV,37.56116381,-77.46374459
100475,DMV,37.56116517,-77.46374292
100475,DMV,37.56116273,-77.46374593
100475,DMV,37.56116307,-77.46374552
100475,DMV,37.56116221,-77.46374658
100475,DMV,37.56116343,-77.46374507
100475,DMV,37.56116292,-77.4637457
100475,DMV,37.56116322,-77.46374533
100475,DMV,37.56116302,-77.46374558
100475,DMV,37.56116239,-77.46374636
100475,DMV,37.56116242,-77.46374632
100475,DMV,37.56115803,-77.46375176
100475,DMV,37.561153,-77.463758
100475,DMV,37.56115509,-77.46375541
100475,DMV,37.56115507,-77.46375543
100475,DMV,37.56115515,-77.46375534
100475,DMV,37.56115429,-77.4637564
100475,DMV,37.56115521,-77.46375526
100475,DMV,37.56115474,-77.46375584
100475,DMV,37.56115476,-77.46375582
100475,DMV,37.56115531,-77.46375514
100475,DMV,37.56115539,-77.46375503
100475,DMV,37.56115472,-77.46375587
100475,DMV,37.56115441,-77.46375625
100475,DMV,37.56115494,-77.46375559
100475,DMV,37.56115506,-77.46375545
100475,DMV,37.56115504,-77.46375547
100475,DMV,37.56115505,-77.46375546
100475,DMV,37.56115501,-77.46375551
100475,DMV,37.561155,-77.46375553
100475,DMV,37.56115507,-77.46375544
100475,DMV,37.5611542,-77.46375652
100475,DMV,37.561155,-77.46375552
100475,DMV,37.56115495,-77.46375559
100475,DMV,37.56115418,-77.46375654
100475,DMV,37.56115444,-77.46375622
100475,DMV,37.56115422,-77.46375649
100475,DMV,37.56115421,-77.4637565
100475,DMV,37.56115451,-77.46375612
100475,DMV,37.561299,-77.463577
100476,H-SSP,37.500585,-77.476034
100477,Jef-Ru,37.47932,-77.444268
100478,L-MILL,37.589344,-77.494287
100479,SHR-HS,37.624162,-77.524508
100480,SP-WGM,37.663041,-77.644984
100481,AL-BCP,37.660692,-77.639168
100482,BR-DOM,37.647242,-77.586068
100484,PA-RPL,37.589372,-77.529078
100485,PAT-3C,37.592452,-77.533758
100486,RH,37.555192,-77.471408
